ID,sex,owngun,race,marital,relig,attend3,partyid,degree,cappun,homosex2,premarsx2,grass,gunlaw,vote08,divlaw,getahead,natroad,natsci,eqwlth,age
1532,2,,1,4,1,1,4,1,2,,1,1,,2,1,,2,2,1,53
1873,1,,1,1,1,1,2,2,,,1,,,1,3,,1,1,4,76
1304,2,1,1,1,1,1,4,2,1,,,2,1,2,,1,,1,,71
992,2,2,2,3,1,3,1,2,2,0,,1,1,1,,1,,2,4,58
1228,1,1,1,1,1,1,7,2,1,1,,2,2,1,,1,1,1,6,65
1056,2,2,1,3,1,3,5,2,1,1,,1,1,1,,3,1,3,7,63
676,1,1,1,1,1,2,1,2,2,0,,,1,1,,3,1,1,2,76
512,1,2,2,1,9,,4,1,1,1,0,,,,,1,3,,,38
1790,2,,3,4,11,3,4,2,2,,0,1,,2,1,,1,2,1,23
1829,2,1,1,5,1,1,3,2,1,1,1,,1,2,,1,2,3,,54
197,2,,1,2,1,2,5,2,1,,0,1,,1,1,,3,1,3,36
1766,2,,1,1,1,3,3,2,,,0,2,,1,2,,1,2,4,75
67,2,,2,3,2,2,4,1,2,,1,2,,2,1,,1,1,4,52
1102,1,,1,4,1,3,3,1,1,,1,2,,1,1,,1,1,4,42
1635,2,1,1,2,2,2,6,2,1,1,0,,1,1,2,1,2,2,,79
1369,1,1,1,1,4,1,6,1,1,1,,1,2,2,,1,1,1,1,58
498,1,2,3,1,2,2,3,2,2,1,,1,1,,,3,2,1,1,22
1595,2,,1,1,1,3,7,2,1,,0,2,,1,2,,,,6,29
1836,1,1,1,5,11,2,4,2,1,0,,1,2,2,,1,3,1,5,39
14,2,2,2,3,1,3,4,2,,1,0,,1,1,2,1,3,2,,59
834,2,,1,1,1,3,7,2,1,,0,2,,1,2,,2,1,7,55
714,2,2,1,2,2,2,5,2,1,0,1,,1,1,1,1,2,1,,70
490,1,2,1,1,4,2,5,2,1,1,0,,1,2,1,1,3,2,,37
1322,2,,1,2,1,1,4,1,,,,2,,2,3,,3,2,,60
1821,2,,1,5,1,1,6,2,2,,1,2,,,1,,2,1,4,21
1966,1,2,1,2,1,1,4,1,1,0,,1,2,2,,2,,3,4,60
1106,1,2,1,4,1,1,3,2,2,0,,2,1,2,,1,2,2,1,55
561,2,2,1,2,1,2,4,1,2,1,1,,1,1,2,2,2,3,,86
1811,2,2,3,1,1,3,4,1,1,1,,2,1,2,,1,2,2,7,52
290,1,2,3,1,2,1,3,1,2,1,0,,1,2,1,1,2,2,,35
419,2,1,2,5,4,2,2,2,1,0,1,,1,,3,1,1,1,,19
1255,2,2,2,3,11,3,1,2,1,1,1,,1,1,2,2,2,2,,46
1690,1,,1,1,2,2,3,1,2,,0,1,,,2,,2,2,1,41
550,2,2,1,5,1,1,5,1,2,0,,1,1,2,,2,2,2,1,24
1053,2,2,1,2,1,1,2,2,1,0,1,,1,2,1,1,3,,,46
1171,1,,1,1,2,1,1,2,1,,1,2,,1,1,,2,2,5,64
660,2,2,1,5,4,1,4,2,1,1,0,,1,2,3,2,2,1,,26
1233,2,1,1,1,1,2,5,2,1,1,,2,1,1,,1,1,3,6,71
1155,1,1,2,3,1,2,1,1,1,1,1,,1,1,1,1,1,1,,70
37,1,2,1,3,1,1,,2,1,,1,,1,2,,1,,,,52
1499,1,1,1,5,11,1,4,1,1,0,1,,2,2,1,1,1,1,,30
523,2,2,2,3,1,2,5,2,1,,,2,1,1,,3,3,2,1,41
1539,2,2,1,4,1,3,4,1,,1,0,,1,,2,1,3,3,,77
1785,1,1,1,1,1,2,4,2,1,0,1,,1,2,2,1,1,,,33
885,1,,1,1,2,2,5,2,1,,1,1,,2,1,,3,3,7,41
1329,1,,1,1,1,3,2,2,,,0,2,,,,,2,2,4,73
1013,2,2,1,2,2,1,3,1,2,1,0,,1,1,,1,1,3,,84
617,1,2,3,2,2,3,2,2,2,0,1,,1,1,3,1,2,1,,72
528,1,,3,1,2,2,4,1,1,,1,2,,2,,,2,2,2,43
653,1,,3,5,11,3,4,1,2,,1,2,,,1,,2,2,1,53
936,2,,2,5,1,3,3,2,,,1,,,1,1,,2,2,4,59
1498,1,,1,5,1,1,7,1,2,,0,2,,2,2,,1,1,1,64
489,1,1,2,1,2,2,1,2,2,1,,2,2,1,,3,1,2,3,45
709,1,,1,3,1,1,4,2,1,,0,2,,2,2,,3,2,5,74
974,1,,1,5,12,3,4,2,2,,1,1,,,1,,1,1,3,30
145,2,2,1,4,2,1,2,1,1,1,,2,1,,,1,,,7,82
858,1,1,1,5,1,1,4,2,1,0,1,,2,2,2,1,1,1,,52
796,2,,1,1,4,1,3,2,2,,,2,,2,1,,2,3,4,42
366,1,2,1,2,2,3,2,2,2,1,0,,1,1,2,3,1,1,,72
1490,1,3,1,3,2,1,5,2,1,0,1,,2,1,1,1,1,1,,36
1664,2,,1,3,1,2,4,1,2,,1,1,,2,2,,3,2,3,50
261,2,,1,2,1,3,4,2,2,,0,1,,1,,,1,1,4,89
1815,1,,1,1,1,2,6,2,1,,1,2,,1,3,,1,1,6,42
1548,2,,1,5,1,1,3,1,1,,0,2,,,1,,2,1,3,22
1627,2,2,1,1,2,2,4,1,1,0,,2,1,2,,1,2,2,4,48
1124,1,,1,3,1,1,1,2,2,,1,1,,1,1,,1,1,2,52
460,2,,1,3,2,2,7,2,1,,0,1,,1,2,,2,2,7,49
1035,2,2,1,3,1,1,6,1,2,1,,1,1,2,,1,2,,7,78
1154,1,2,1,4,1,2,5,1,1,1,,2,2,2,,1,1,2,5,67
1081,2,,1,5,4,2,6,2,1,,0,2,,,1,,2,2,4,19
1911,2,1,2,2,4,2,1,2,,1,0,,1,1,1,1,1,2,,65
1051,1,1,1,1,1,1,6,2,1,1,,1,1,1,,3,2,1,1,46
1046,2,,1,5,4,1,4,1,1,,1,2,,2,2,,1,2,,54
632,2,,1,3,2,1,1,1,2,,0,,,1,3,,1,1,1,75
542,2,2,2,5,1,1,2,1,2,1,1,,2,1,1,2,3,,,30
850,2,,1,3,1,1,3,2,1,,1,1,,2,2,,1,3,1,49
370,1,2,1,3,2,2,1,2,1,0,,1,1,1,,2,2,1,7,56
666,2,,2,5,1,3,4,2,2,,0,2,,1,1,,2,2,4,36
312,2,,2,1,1,3,1,1,1,,0,1,,,2,,2,2,1,42
353,2,,1,2,2,1,3,1,1,,0,2,,2,2,,2,2,3,81
1624,2,2,3,1,8,2,4,1,1,1,,1,2,2,,2,1,1,1,50
684,2,,1,1,2,2,4,2,,,1,1,,1,2,,2,1,5,69
568,2,2,1,4,4,1,7,2,,,1,,2,2,2,1,1,,,41
1515,2,1,2,1,2,2,1,2,2,1,,1,1,1,,1,3,2,1,55
195,2,,1,1,2,1,1,2,1,,1,1,,1,,,2,1,2,65
1909,2,2,2,4,1,3,7,2,1,0,0,,1,1,1,1,1,2,,39
878,1,,3,5,2,1,5,1,2,,1,,,1,1,,3,2,4,38
877,2,2,3,5,4,1,4,1,2,1,1,,1,2,2,1,3,3,,39
844,2,2,1,1,1,3,2,2,2,0,,1,1,1,,3,2,2,1,48
1843,2,,1,4,1,2,4,2,1,,1,1,,2,1,,2,2,3,32
1914,1,3,1,5,1,1,3,2,1,0,1,,2,1,3,1,2,1,,23
1844,2,2,1,1,1,2,1,2,1,0,,1,1,1,,1,1,1,7,29
1662,2,,1,3,11,3,2,1,1,,0,1,,1,3,,,2,2,46
1447,1,2,1,1,1,3,1,2,1,1,1,,1,1,1,1,1,1,,62
986,1,1,1,1,1,1,2,2,1,1,,2,1,1,,1,1,1,4,83
861,2,2,1,3,11,2,6,2,1,1,0,,1,1,1,1,1,2,,49
668,2,2,2,3,2,2,1,2,2,0,,1,,1,,1,1,1,1,73
654,1,2,3,5,12,1,2,2,2,1,,2,1,2,,1,2,1,1,25
853,1,2,1,1,2,2,5,2,1,1,,1,1,2,,1,1,2,3,38
1650,1,1,1,1,4,1,5,2,1,1,,2,2,1,,1,1,3,7,68
449,1,1,1,3,1,1,7,2,1,0,1,,2,2,2,2,1,1,,53
565,1,2,1,1,1,3,4,2,2,1,,2,1,1,,1,2,1,7,30
60,2,,1,1,1,3,4,1,2,,0,2,,2,2,,2,,3,41
1796,2,1,1,2,2,3,4,1,1,1,0,,1,1,2,1,1,1,,80
1407,1,,1,3,2,1,,1,1,,,1,,2,1,,2,2,4,43
1915,2,,2,3,1,2,1,1,1,,1,2,,1,1,,3,1,5,57
736,1,,1,2,1,1,2,1,1,,0,,,2,2,,3,,4,81
1924,1,3,2,1,1,3,1,1,1,1,,2,2,1,,1,1,3,5,61
191,1,,1,1,1,1,3,2,2,,0,1,,1,2,,2,2,7,67
1910,2,,2,4,1,2,1,1,2,,0,1,,1,1,,1,1,3,57
1695,1,,1,5,5,2,6,1,2,,1,2,,,,,3,2,5,18
1692,2,2,1,3,1,1,1,2,2,,,,1,2,3,1,2,2,,51
563,2,2,1,1,1,3,4,1,,1,,2,,2,,1,2,2,,50
720,2,2,2,3,1,1,1,2,2,1,1,,1,1,1,1,3,1,,51
519,1,2,3,1,1,3,4,1,2,1,0,,1,2,2,1,,,,41
229,2,,1,1,2,2,3,2,,,0,2,,1,,,2,,7,48
438,2,1,1,1,1,3,2,1,1,1,0,,1,1,2,1,2,2,,75
1060,1,,1,5,4,3,4,1,2,,0,2,,,1,,2,2,2,19
1426,1,,1,1,4,1,6,2,1,,0,2,,1,2,,1,2,4,77
497,1,,3,1,2,2,6,1,1,,0,2,,2,1,,2,2,1,53
1440,2,2,1,5,2,1,2,2,1,,1,,1,2,2,1,2,,,22
236,2,2,1,1,2,2,2,1,2,0,1,,1,,1,1,1,2,,35
1896,1,1,1,1,1,3,6,1,,1,,2,2,2,,3,2,1,7,77
639,2,1,1,1,5,1,2,2,2,0,,,2,1,,2,1,1,6,48
499,2,,3,4,2,1,4,2,2,,1,1,,,1,,2,1,7,39
549,1,,1,1,1,2,5,1,1,,1,1,,2,1,,2,1,4,32
842,1,2,1,1,1,2,4,2,1,0,1,,1,1,3,1,1,3,,38
339,1,2,1,3,2,1,1,1,1,,,1,1,2,,1,1,2,1,57
76,1,,1,1,2,2,2,2,1,,0,2,,2,2,,1,1,2,68
1358,2,,1,3,1,2,2,1,1,,1,2,,1,2,,2,3,1,50
1736,2,1,1,1,1,2,2,1,1,1,0,,2,1,2,1,1,2,,73
683,1,,1,1,2,2,2,1,2,,1,2,,2,3,,2,,4,46
374,1,,1,5,2,1,7,2,1,,1,2,,1,2,,1,3,3,42
1648,1,,1,1,4,1,4,1,1,,1,2,,1,2,,1,2,7,82
1751,2,2,1,3,1,2,4,1,1,1,,1,1,2,,1,2,2,1,28
1684,2,2,1,1,2,2,4,1,1,1,,2,1,2,,1,2,1,1,35
731,1,3,2,2,1,1,1,1,2,1,,1,1,1,,1,2,2,1,66
1495,1,,1,5,2,1,2,2,2,,0,1,,2,2,,1,1,3,47
221,1,2,1,1,2,1,4,1,,1,,,,,,1,,,4,35
630,2,2,1,5,2,1,2,2,1,0,,1,2,,,1,3,2,3,20
1375,1,1,1,2,2,3,2,1,,1,,2,1,2,,1,2,2,1,89
1879,2,1,1,1,1,3,4,2,2,1,,2,2,2,,1,2,1,2,44
934,2,1,1,3,1,1,7,1,,1,,2,2,2,,1,2,3,7,48
1326,2,1,1,1,2,2,1,2,1,,,2,1,1,,1,2,1,5,65
991,2,,3,1,1,3,1,1,2,,1,2,,,1,,2,3,7,49
800,2,2,1,5,11,2,4,2,2,1,0,,2,2,1,1,2,2,,22
1597,2,2,3,5,4,1,3,1,2,0,,1,2,1,,1,3,1,1,31
183,1,2,1,1,1,3,6,2,1,1,,2,2,1,,1,2,3,7,38
589,1,,2,1,1,2,2,2,2,,0,1,,1,3,,1,2,1,31
1519,2,,2,4,2,2,4,1,1,,0,2,,2,1,,1,,2,37
625,1,2,2,1,1,2,1,2,2,1,0,,1,1,3,1,1,3,,46
702,1,,2,5,4,1,3,1,2,,0,2,,,3,,2,1,3,18
1310,1,2,1,1,2,2,6,2,1,1,0,,1,1,2,1,1,1,,51
1606,1,,1,4,1,1,2,1,1,,1,1,,2,1,,1,2,1,53
1371,1,1,1,1,2,1,1,2,1,1,0,,1,1,2,1,1,1,,62
908,1,2,1,3,1,1,5,2,,1,0,,1,2,2,1,1,1,,40
804,1,2,1,1,1,1,,2,1,1,,2,1,1,,3,1,2,1,63
1762,1,,1,3,1,1,4,1,1,,0,1,,2,2,,1,1,1,63
1443,1,2,1,2,1,3,6,1,,1,,2,2,1,,1,3,3,6,89
1151,1,2,2,5,10,2,4,1,,1,0,,1,,1,1,3,2,,27
914,1,,2,5,4,1,2,2,2,,1,1,,2,,,2,2,1,30
1247,2,1,1,1,1,2,4,1,1,1,1,,1,2,1,1,2,3,,41
726,2,2,1,4,2,1,2,2,1,0,,1,2,1,,1,2,2,1,49
3,1,2,3,1,1,1,3,2,,0,,1,2,1,,3,1,1,5,42
1863,2,,2,1,1,2,4,1,1,,0,,,,1,,2,2,1,20
652,2,,3,1,1,3,4,1,2,,0,2,,2,2,,2,3,3,44
809,1,2,2,4,4,1,1,1,1,0,,2,1,2,,1,2,1,1,67
336,2,1,1,2,2,1,3,2,,1,1,,1,1,1,1,1,,,87
1789,1,1,1,3,4,1,,2,1,0,1,,2,,2,1,1,,,35
1451,2,2,1,2,2,3,3,1,1,1,0,,1,1,2,1,2,,,86
919,1,,1,1,1,1,7,2,1,,0,,,1,2,,2,1,7,67
1087,2,1,1,1,4,1,4,2,2,0,1,,1,2,1,1,1,1,,42
1693,1,,1,5,2,1,4,2,1,,1,2,,2,,,3,1,4,22
1283,1,,2,5,1,3,3,2,2,,0,1,,1,2,,2,1,1,37
484,2,,2,1,1,3,2,1,1,,0,2,,1,1,,3,1,5,68
966,2,1,1,2,2,1,4,2,1,0,1,,1,2,1,1,3,3,,36
1698,1,2,1,1,1,2,1,2,2,1,,,1,1,,1,1,1,5,87
1830,2,,1,5,1,1,4,2,1,,1,,,2,1,,2,2,1,34
241,1,,1,1,2,2,2,2,1,,1,1,,1,3,,3,,4,39
1913,2,2,2,1,1,2,1,1,2,1,,2,1,1,,1,3,3,1,43
922,2,2,1,2,1,1,4,2,1,1,,,1,2,2,3,1,3,,76
755,2,2,1,5,11,3,5,1,1,0,,1,1,,,1,3,2,5,19
562,2,2,1,1,2,1,4,2,2,1,1,,1,2,3,2,2,2,,71
650,2,,1,5,2,1,6,2,1,,1,1,,1,1,,2,2,1,49
1277,1,1,1,5,4,1,3,2,1,1,1,,2,,1,1,2,2,,21
1276,2,2,2,1,1,3,1,1,1,1,,,1,1,,1,1,2,,77
1621,1,,1,4,1,3,7,2,1,,0,1,,2,2,,3,1,3,57
1183,1,,2,5,4,1,2,1,2,,0,1,,2,2,,2,2,4,39
1877,2,3,1,1,1,1,7,2,1,1,,2,1,1,,1,1,2,2,36
1787,1,2,3,5,1,1,5,2,1,1,1,,1,,1,1,2,1,,30
721,2,2,1,5,1,1,1,1,1,0,,1,1,1,,1,1,2,1,53
81,1,,1,5,3,1,2,2,2,,1,2,,1,1,,2,1,7,59
94,2,2,1,4,2,3,1,2,1,0,1,,1,1,1,2,2,1,,48
1853,1,2,1,3,4,1,5,2,1,0,,1,2,1,,1,1,1,7,49
1043,1,2,1,5,2,1,4,1,,1,1,,1,2,,1,2,,,29
1773,1,1,1,1,1,3,7,2,1,1,,2,2,1,,2,3,2,7,78
1620,1,2,1,2,2,1,2,2,1,1,0,,2,2,2,3,2,1,,61
153,1,2,3,5,2,1,2,1,1,0,1,,1,2,1,1,2,2,,22
496,1,1,1,2,4,1,5,1,,1,0,,2,2,1,1,1,1,,34
1738,2,1,3,2,2,3,2,2,2,1,,2,1,1,,1,2,1,3,89
1376,1,1,1,5,11,1,4,2,1,1,,1,2,2,,1,1,2,4,36
1245,2,,1,1,1,1,2,2,1,,1,2,,1,1,,1,1,6,61
1092,2,,1,1,1,1,6,2,1,,0,,,2,2,,1,3,3,62
1313,1,2,1,3,5,1,1,2,,1,,2,,,,1,,2,4,52
1697,2,,1,1,4,1,,2,1,,1,1,,1,1,,1,1,3,38
201,2,2,3,1,2,3,4,1,2,1,,2,1,,,3,2,1,7,41
640,1,,3,1,11,3,6,2,1,,0,2,,1,1,,2,2,6,42
1166,1,2,2,5,1,1,1,2,2,1,1,,2,,1,2,2,2,,21
1382,2,,1,5,4,1,4,2,2,,1,1,,,2,,3,,4,19
1919,2,2,1,3,1,3,7,2,1,1,0,,2,1,2,3,1,2,,66
1139,2,,1,2,1,3,7,1,2,,0,2,,2,2,,2,2,1,82
1020,2,1,1,2,2,1,2,1,1,1,,2,1,1,,1,,,1,77
1962,1,,1,3,2,1,6,2,1,,1,2,,1,2,,1,1,1,71
1506,1,2,2,4,1,1,1,1,1,1,,1,1,2,,3,1,1,1,51
22,1,2,3,5,2,2,2,1,,1,,2,1,1,,1,2,2,3,39
828,2,2,1,3,1,1,3,2,2,1,0,,1,1,2,3,1,2,,63
1408,2,2,1,3,1,1,4,1,1,0,1,,2,2,2,1,3,,,42
1932,2,2,1,2,1,3,4,1,,1,,2,,2,,,,,,81
1670,2,2,1,5,11,1,4,2,1,0,1,,1,2,3,1,2,1,,29
403,1,,1,2,2,1,1,2,1,,1,1,,1,1,,,3,5,84
1403,1,,1,3,4,1,4,1,1,,1,1,,2,1,,1,1,3,53
594,2,2,1,3,1,3,7,2,,1,,2,1,1,,2,1,1,7,76
1190,1,,1,1,1,1,6,2,1,,1,1,,1,2,,1,2,6,28
21,2,2,3,4,2,3,2,1,2,1,,2,1,1,,3,2,1,1,76
1748,2,,1,2,1,1,1,2,1,,0,2,,2,2,,1,1,1,71
1857,1,1,1,1,1,3,1,2,1,1,0,,1,1,2,1,1,1,,73
1433,1,,1,1,1,2,4,1,,,0,2,,,,,1,,1,81
543,1,2,2,1,1,3,1,1,1,1,0,,1,,2,1,2,2,,43
1306,2,,2,5,4,1,5,1,2,,0,2,,,1,,2,2,5,19
944,1,2,1,5,2,1,3,2,2,1,0,,1,1,2,1,1,1,,53
716,2,2,1,3,1,2,1,2,1,1,,2,1,1,,1,2,2,7,73
1559,2,2,3,4,1,1,4,2,1,0,0,,1,2,1,1,2,3,,43
476,2,,2,3,4,1,1,1,2,,1,2,,1,1,,2,2,4,77
1899,1,1,1,1,1,2,1,2,2,1,0,,1,1,2,2,1,1,,56
1196,2,3,1,2,4,1,7,2,1,1,,,2,1,,1,,,7,55
921,1,,1,5,1,2,4,2,1,,1,,,,2,,2,2,7,18
883,2,2,1,1,1,2,3,2,1,1,,1,1,2,,1,3,1,3,32
643,2,,3,1,2,1,6,2,1,,1,2,,2,1,,2,1,2,45
1086,1,2,1,5,4,1,4,2,1,0,,1,2,1,,1,1,1,2,35
1779,1,,1,1,1,3,3,2,1,,0,2,,1,2,,1,3,2,61
951,1,1,1,3,4,1,4,2,1,1,,,2,2,,3,3,1,7,57
1656,2,1,1,1,1,1,3,2,1,1,1,,1,2,3,1,1,2,,34
538,2,1,1,1,1,2,6,2,2,1,1,,1,1,2,2,1,3,,49
927,1,2,1,5,5,1,4,2,1,0,,1,2,2,,2,1,2,7,38
1922,2,1,1,1,1,3,6,2,1,1,,,2,1,1,1,2,2,,48
1936,1,1,1,1,1,3,4,2,1,1,1,,2,2,1,1,2,1,,39
134,2,2,3,1,2,2,4,2,1,0,,1,2,2,,1,1,1,1,32
577,1,2,1,3,1,2,5,2,1,1,0,,2,1,3,2,1,1,,59
1888,1,1,2,3,1,2,1,1,1,1,,2,1,1,,1,1,1,2,66
1262,1,,1,3,1,2,3,2,1,,1,1,,2,2,,2,1,7,52
848,1,2,1,5,4,1,4,1,1,1,,1,1,2,,1,1,2,3,51
1682,1,,1,3,1,1,7,2,1,,0,2,,1,1,,1,3,7,74
1754,2,1,1,1,1,3,2,2,1,1,0,,2,1,2,1,2,2,,75
1944,2,2,1,3,1,3,4,2,1,0,1,,2,1,1,1,3,1,,31
1781,1,1,1,1,4,1,3,2,1,1,,2,2,2,,2,2,3,4,51
769,2,,2,5,1,2,1,2,2,,0,2,,1,2,,,1,1,43
505,2,2,1,5,2,1,4,2,,1,,,1,2,1,1,3,,,33
1540,2,,3,3,11,2,3,1,1,,0,,,2,1,,3,,4,34
898,2,2,1,3,11,1,1,2,1,0,1,,1,1,1,1,3,1,,29
661,2,2,1,2,1,3,6,2,1,1,,2,1,1,,1,3,,,86
879,1,1,2,1,1,3,3,1,2,1,,2,1,1,,1,2,2,4,80
1619,2,,1,5,1,3,2,1,1,,0,,,,2,,3,2,5,18
662,2,,1,3,2,1,7,2,1,,0,2,,1,,,2,2,7,63
1109,2,2,1,1,1,1,5,1,1,1,0,,1,2,1,1,2,1,,62
1470,1,1,1,1,1,3,4,2,1,1,0,,1,1,2,1,1,,,41
288,1,2,2,5,4,2,3,1,1,1,,2,1,2,,,3,2,1,55
1586,2,,1,1,1,2,5,1,2,,0,2,,,2,,1,3,5,59
1956,1,1,1,1,2,1,5,2,1,1,,2,2,1,,1,2,2,1,60
739,1,2,1,1,2,1,3,2,1,1,,2,1,1,,3,1,1,1,62
1593,2,1,1,4,1,1,7,1,1,0,,1,1,1,,1,1,1,7,69
164,2,2,1,3,1,2,2,2,2,0,,1,1,1,,1,,,4,65
2,1,2,1,5,2,1,5,2,1,1,,1,1,,,1,2,1,3,21
1869,2,1,1,1,11,2,1,1,1,1,0,,2,1,2,1,1,2,,56
1165,2,,2,5,11,3,1,2,2,,0,1,,1,1,,2,2,1,23
900,1,,1,2,1,1,6,2,1,,0,1,,1,2,,2,2,5,47
1902,2,2,1,3,1,,5,2,2,1,,2,1,1,,2,1,3,7,61
104,1,2,3,1,2,1,6,2,1,1,,2,1,2,,1,3,2,1,27
522,2,2,2,5,4,2,2,2,1,0,,2,2,1,,1,3,2,1,30
1072,2,2,1,1,11,3,6,2,1,,,2,1,1,,1,1,3,1,60
767,2,1,1,3,1,2,7,1,1,1,0,,1,2,1,2,1,1,,51
1688,1,,1,5,1,1,4,2,1,,1,1,,,1,,1,1,1,21
1438,2,2,1,1,1,2,2,2,2,1,,,1,1,2,1,2,1,,59
1719,1,1,1,1,1,3,6,2,1,1,0,,2,1,,1,3,3,,49
128,2,2,1,1,2,2,4,1,1,0,,2,1,2,,1,2,2,1,40
648,1,1,1,1,4,1,4,2,1,0,1,,2,2,3,1,1,1,,37
548,2,2,2,5,1,1,1,2,1,1,,2,1,1,,1,1,2,4,60
430,2,2,1,1,3,1,6,2,1,1,,2,1,1,,1,2,1,6,44
1831,2,1,1,1,1,1,6,2,1,1,0,,2,,3,1,1,2,,35
1285,1,2,2,3,6,3,3,2,2,0,,1,2,1,,3,1,1,2,63
1920,2,,1,5,1,1,6,2,,,0,1,,2,2,,1,1,4,23
1073,1,,1,5,1,2,3,2,2,,,1,,2,,,1,1,5,31
138,1,2,1,1,1,3,2,1,2,1,,2,1,1,,1,2,1,4,74
1311,2,2,1,1,4,2,6,2,1,0,,2,1,1,,1,2,2,6,66
1126,2,,1,1,1,3,7,1,,,0,2,,2,2,,2,,7,70
1034,2,,1,4,4,1,,2,2,,1,1,,1,1,,1,3,1,25
1524,1,1,1,4,1,3,4,1,1,1,,2,1,2,,1,2,2,4,59
1676,2,2,1,5,4,1,3,1,2,1,,1,1,2,,1,3,3,5,45
1819,2,1,1,1,1,3,7,2,1,1,,2,1,1,,1,2,2,5,70
1778,2,2,1,5,4,1,3,2,1,0,,1,1,1,,1,1,2,3,23
532,1,,2,1,1,3,4,2,1,,1,1,,1,1,,3,3,4,35
1948,1,1,1,1,11,3,7,2,,1,,1,2,1,,1,1,3,7,71
193,1,1,1,1,4,1,3,2,2,0,1,,1,1,1,3,1,1,,65
25,1,,1,1,1,3,6,2,1,,0,2,,1,2,,1,2,7,71
1280,2,,2,1,1,3,1,2,,,0,,,1,2,,3,1,2,28
200,1,2,1,5,2,1,2,1,2,0,,1,1,2,,1,2,1,1,38
1851,2,1,1,1,1,2,,2,,,,2,1,1,,2,1,,4,79
520,2,2,1,1,2,3,4,1,,,,,1,2,,2,2,2,4,26
1334,1,1,1,5,1,3,5,2,2,1,0,,2,,3,1,1,1,,19
301,2,,1,5,1,2,5,2,2,,1,1,,2,3,,3,3,3,30
1530,1,2,3,1,2,3,2,2,1,1,1,,1,2,1,1,2,2,,38
1874,1,2,1,3,1,2,4,2,1,0,,1,2,2,,3,1,3,1,54
151,2,,1,5,4,1,3,1,2,,1,2,,,1,,2,2,1,33
1001,1,,1,1,4,1,4,2,1,,1,1,,1,3,,2,2,7,43
635,2,1,1,1,11,3,4,2,1,1,1,,1,1,2,1,2,1,,40
1747,1,1,1,1,1,1,,2,1,1,0,,1,2,2,3,1,2,,58
163,1,1,2,5,2,3,2,2,1,1,,1,1,1,,1,2,2,2,47
1104,2,1,1,5,1,1,1,2,1,1,1,,1,,1,2,2,2,,20
1108,1,,1,3,1,3,2,1,2,,0,1,,2,2,,2,3,2,33
1901,2,,1,5,1,2,6,2,1,,0,1,,,1,,1,1,4,19
854,1,2,1,1,4,1,3,1,1,0,1,,2,2,2,1,2,2,,22
1466,2,1,1,1,2,3,3,2,1,1,1,,1,1,2,1,1,2,,43
130,1,,1,1,2,1,4,1,2,,0,,,,3,,3,1,4,58
101,1,,1,3,9,3,2,2,1,,0,2,,1,1,,2,1,2,51
680,2,2,1,1,2,2,4,1,,,,2,,2,,1,3,3,3,26
681,1,,1,1,2,3,3,1,2,,0,1,,2,2,,2,2,3,36
1974,1,2,3,5,1,1,3,2,1,1,,1,1,2,,1,1,1,4,22
1152,1,2,1,5,1,1,6,1,2,1,,2,1,2,,1,3,2,4,49
1500,2,,1,1,1,1,1,2,1,,1,1,,1,2,,2,1,1,52
87,2,2,3,1,2,2,2,2,1,0,,2,1,2,,1,3,1,1,51
1143,2,,1,1,1,3,2,1,2,,0,2,,1,1,,1,3,1,63
416,2,1,1,5,2,1,3,2,2,0,,1,1,,,1,3,2,3,18
1691,1,2,1,1,2,3,2,1,,1,,2,1,1,,2,2,3,1,44
365,2,,1,1,2,2,3,1,1,,1,1,,2,2,,3,2,1,55
1232,2,2,2,5,4,1,4,2,1,0,1,,1,1,3,1,2,2,,23
1219,1,,1,5,4,1,3,1,1,,1,1,,2,1,,1,1,4,26
1125,2,1,1,1,1,3,6,2,1,1,,2,2,1,,1,1,3,1,50
1629,2,1,1,1,1,3,5,2,2,,,2,1,1,,2,2,1,7,80
1669,1,2,1,3,4,3,3,2,1,0,,1,2,2,,1,3,2,3,47
442,2,,1,5,1,1,3,2,1,,1,1,,1,1,,3,1,1,35
1325,2,2,1,1,11,3,5,2,2,1,0,,,1,2,1,2,2,,34
513,1,1,1,1,1,2,5,2,1,1,1,,2,1,2,1,3,3,,74
1949,1,,1,1,4,1,,2,1,,1,2,,2,2,,1,1,2,53
1928,1,,1,1,2,2,6,2,1,,1,2,,1,3,,2,1,7,47
1822,2,1,1,1,1,1,4,2,1,1,,2,2,2,,1,1,,5,26
972,1,,1,1,1,3,6,2,1,,0,2,,1,2,,3,2,1,75
768,1,2,1,1,4,1,3,2,2,0,,1,1,2,,2,1,2,4,37
1898,2,,2,1,1,3,1,2,2,,0,2,,1,3,,1,3,1,55
1079,2,2,1,1,4,1,4,2,1,0,1,,1,1,2,1,1,1,,56
1685,1,,1,5,2,3,2,2,2,,0,2,,1,1,,1,2,4,36
1251,2,1,1,5,1,2,6,2,1,1,,1,1,2,,1,1,2,2,28
1445,1,2,1,5,1,2,2,2,1,1,0,,2,1,1,3,1,1,,62
1075,2,2,1,1,5,,4,2,2,1,0,,1,,2,1,1,2,,
1849,2,1,1,1,1,3,7,2,1,0,1,,1,1,1,1,2,2,,79
1947,2,,2,3,1,1,2,2,1,,1,2,,2,1,,1,1,1,49
1934,1,,1,5,4,1,4,2,1,,1,2,,2,3,,1,2,4,33
1743,1,1,1,2,1,2,4,2,1,1,,1,2,1,,2,1,1,7,73
1658,2,1,3,1,2,3,2,2,2,1,0,,1,1,2,1,1,2,,57
13,2,2,1,5,4,1,4,2,2,0,,1,1,2,,1,3,3,4,28
555,2,1,2,3,1,3,1,2,2,1,0,,1,1,2,1,1,,,76
868,1,,1,3,1,1,1,2,1,,1,1,,1,2,,1,2,3,54
558,2,,2,2,1,3,1,1,2,,0,2,,1,1,,2,2,1,86
1082,1,2,1,1,1,1,5,2,2,1,,2,1,2,,1,1,2,5,48
302,1,3,1,2,1,1,4,2,1,1,1,,2,2,3,2,1,2,,69
1592,1,,1,1,11,3,2,1,2,,0,,,2,,,2,,4,39
1378,1,1,2,1,4,3,,2,,1,0,,1,2,2,1,1,2,,46
63,1,2,3,1,9,1,4,1,2,1,,2,2,,,1,3,3,1,35
1330,2,2,1,1,1,3,7,2,2,1,0,,1,2,2,1,1,2,,50
810,1,1,2,3,4,2,1,2,,,1,,1,1,1,2,1,1,,61
762,2,,1,3,1,2,2,2,2,,0,1,,1,1,,1,2,3,67
1824,1,1,1,3,1,1,4,2,2,1,,2,1,2,,1,1,2,1,68
334,1,2,1,3,2,1,2,1,1,1,0,,1,,2,1,2,1,,89
1465,1,1,1,1,1,3,2,2,1,1,,2,1,1,,2,1,3,5,54
841,2,2,2,2,1,3,2,2,,0,,2,2,1,,1,2,2,3,71
1660,1,2,3,1,2,1,3,2,1,0,,1,1,,,1,1,2,4,53
1459,2,1,1,1,1,2,6,2,1,0,,2,1,2,,1,2,2,2,53
556,2,,2,5,1,1,1,1,2,,1,1,,1,1,,3,3,4,40
1501,1,1,1,1,4,1,5,2,1,1,,2,1,1,,1,1,1,5,72
786,2,,1,2,1,3,6,2,2,,0,2,,1,3,,1,2,4,89
792,1,,1,3,1,1,5,1,1,,1,1,,2,1,,1,1,2,36
1623,1,,1,1,4,1,5,1,1,,1,2,,1,2,,2,1,1,33
1856,1,2,1,5,4,1,1,2,2,0,,1,2,1,,1,1,1,1,51
1818,1,,1,1,1,1,4,1,1,,0,2,,1,2,,2,2,4,73
131,1,2,1,1,2,1,7,2,1,1,,2,1,1,,1,1,2,6,62
116,1,,1,3,1,2,5,2,1,,1,2,,1,3,,1,2,7,60
518,1,2,1,1,2,2,4,1,2,1,,1,1,,,1,2,2,3,32
862,1,,1,1,1,2,6,1,1,,1,1,,1,1,,1,1,5,45
1795,1,1,1,1,1,1,6,2,1,1,,1,1,1,,1,1,1,,71
1175,1,,2,1,1,2,1,2,1,,0,2,,1,1,,1,3,1,30
1340,1,,1,1,1,3,5,1,1,,0,2,,1,1,,2,1,7,84
1067,1,,3,1,1,1,3,1,2,,1,2,,2,3,,3,2,7,28
933,1,,3,1,2,1,3,2,2,,0,2,,2,1,,1,3,4,42
1890,1,2,2,1,1,2,2,2,1,1,1,,1,2,1,1,1,1,,44
1363,2,2,2,3,1,2,1,2,2,1,,2,1,1,,3,3,2,1,54
1446,1,,1,5,1,2,5,2,1,,1,1,,2,,,1,1,5,35
444,1,1,2,1,4,1,1,1,1,1,,1,2,1,,1,1,1,1,71
1665,1,2,1,3,1,1,7,2,1,0,1,,2,2,2,1,2,2,,63
581,1,1,3,1,9,2,1,2,2,1,0,,1,2,2,2,2,1,,49
1504,2,1,1,4,1,2,3,2,1,0,1,,2,2,3,3,2,2,,49
1921,2,2,2,3,1,1,1,2,1,1,,2,1,1,,1,3,3,4,41
819,2,2,1,1,11,1,1,2,1,0,1,,1,1,1,1,3,1,,32
1464,2,,1,1,4,1,1,2,1,,1,1,,1,3,,1,2,3,50
1497,2,2,2,3,1,3,4,1,1,1,,1,1,1,,1,3,,5,58
1969,2,2,3,5,2,1,4,1,2,0,1,,1,,2,3,3,3,,25
129,2,,1,5,11,3,4,2,1,,0,1,,2,1,,2,2,1,34
988,1,,1,5,4,1,5,1,1,,1,1,,2,1,,3,2,1,42
1903,1,2,3,1,1,3,4,1,1,1,0,,2,,2,1,2,,,31
373,1,1,1,1,1,3,7,2,,1,,2,1,1,,1,2,2,4,85
1631,2,2,1,2,1,1,1,2,1,0,,1,1,2,,2,1,2,1,76
1093,2,,1,1,11,3,6,2,1,1,,2,1,1,,1,2,2,3,54
224,2,2,1,5,1,1,4,2,1,1,0,,1,2,2,1,2,1,,38
1321,2,1,1,1,1,3,7,2,2,1,0,,1,1,2,1,2,2,,53
1929,2,,1,2,11,2,4,1,1,,1,,,2,1,,1,2,3,44
188,2,2,1,3,2,2,2,2,2,1,,2,1,2,,3,1,1,3,60
1096,1,1,1,1,4,1,2,1,2,1,1,,1,2,2,2,2,2,,53
578,1,,2,1,1,2,1,2,1,,1,1,,1,1,,1,2,1,59
1777,1,,1,1,1,1,5,2,1,,0,2,,2,3,,1,1,4,60
903,2,2,1,3,4,1,3,2,2,0,1,,1,1,1,1,2,2,,31
811,1,2,2,5,1,1,1,2,1,1,1,,1,1,1,3,2,2,,51
486,2,3,2,3,11,3,4,2,2,1,0,,1,,1,1,3,2,,59
1424,2,,1,4,1,1,2,2,1,,1,1,,1,1,,1,2,3,38
1436,1,1,1,3,1,1,7,2,1,0,,1,2,1,,3,1,2,5,43
1493,2,1,2,1,1,1,2,2,2,1,,1,2,1,,1,2,2,3,53
1052,1,2,1,2,2,1,2,1,1,1,1,,1,1,2,1,1,,,88
952,2,2,1,1,1,3,2,2,2,1,0,,1,1,3,2,1,2,,63
1893,1,1,2,3,1,3,1,2,1,0,,2,1,1,,3,1,1,1,61
1917,2,2,2,5,4,2,7,1,1,1,0,,1,,1,3,2,2,,21
1839,2,,1,3,2,2,1,2,1,,0,2,,1,1,,1,3,2,74
713,2,2,1,1,1,1,1,2,1,0,,2,1,1,,1,2,2,4,72
1156,2,1,1,1,1,2,6,2,1,1,,2,1,2,,1,1,3,1,43
1248,2,,1,2,1,3,1,2,1,,0,1,,1,2,,1,1,1,55
1630,2,2,1,1,11,3,6,2,1,1,0,,1,1,2,1,,3,,70
870,1,2,1,1,1,3,4,2,1,1,,2,,2,,1,3,2,6,23
1734,1,1,3,1,1,3,7,2,1,1,0,,1,1,2,1,1,2,,38
1603,1,,3,1,2,2,4,1,1,,1,2,,2,1,,2,2,4,55
158,1,,1,5,2,3,6,2,2,,0,2,,,1,,3,2,4,52
1140,2,2,2,1,1,3,1,2,2,1,,1,1,1,,1,2,2,2,53
1715,1,1,1,1,11,2,2,2,1,,,2,2,1,,1,2,2,3,59
728,1,,1,5,4,1,2,2,2,,1,1,,,2,,2,2,1,21
148,1,2,1,5,4,1,5,1,1,1,1,,1,,2,1,3,3,,22
181,2,1,1,1,2,3,5,2,1,0,1,,1,1,1,3,1,1,,55
1611,2,2,3,4,2,2,4,1,2,1,1,,1,2,1,1,3,1,,44
1707,2,,1,5,4,1,4,1,1,,1,1,,,1,,3,1,2,20
1770,2,1,1,1,1,3,5,2,1,1,0,,1,1,2,1,1,3,,35
675,1,,1,5,11,2,4,2,1,,0,2,,,2,,1,2,1,21
818,1,1,1,5,1,2,6,2,1,0,,1,2,1,,1,2,2,7,30
124,1,,2,3,1,1,3,2,1,,1,1,,1,3,,1,2,4,49
391,1,,1,3,4,1,2,2,1,,1,1,,1,1,,1,2,1,64
219,1,2,1,1,2,2,3,2,2,1,1,,1,2,1,1,2,3,,22
813,1,2,1,3,2,2,2,1,,1,,2,,2,,1,1,1,1,63
1281,1,2,1,1,11,1,6,2,1,1,,2,1,1,,2,2,2,7,57
136,1,2,2,5,1,2,1,2,2,1,,2,2,1,,1,2,2,4,34
1834,2,1,1,1,1,3,1,2,2,,,,1,1,3,1,1,1,,78
255,2,2,3,5,2,2,2,2,1,1,1,,1,1,1,3,1,2,,30
806,2,1,1,1,1,3,7,2,2,1,,2,2,1,,2,2,3,7,54
511,2,,2,5,4,1,4,2,2,,,2,,,,,2,,4,21
1094,2,2,3,1,11,3,4,1,2,1,,,,,2,1,1,,,38
820,2,2,1,5,2,1,3,1,1,0,,1,1,2,,1,2,2,1,30
1442,1,2,1,1,2,2,4,2,,1,0,,1,2,3,1,2,2,,32
1872,1,2,1,1,4,1,4,1,1,1,1,,1,2,2,1,2,1,,64
866,1,2,2,3,4,1,1,2,1,1,1,,1,1,1,1,3,2,,62
517,2,,1,1,1,3,6,1,1,,0,1,,2,2,,3,3,1,48
678,2,2,1,3,2,1,3,2,1,0,,,2,1,,1,1,1,1,63
1609,2,,1,5,1,3,4,2,1,,0,,,1,3,,2,1,4,31
687,1,,1,1,2,2,3,2,1,,1,2,,1,1,,2,,4,34
420,2,2,2,1,1,2,3,2,2,1,1,,1,2,1,1,3,2,,38
1328,2,2,1,5,1,3,2,2,1,1,0,,1,1,2,1,2,2,,65
1599,2,,1,5,2,3,3,1,1,,0,2,,2,1,,2,2,7,37
1071,2,2,2,5,11,1,4,2,2,0,0,,1,1,3,1,3,2,,28
269,2,2,1,1,1,3,4,2,2,,,,1,1,3,2,,2,,76
1122,2,2,1,1,1,3,7,2,1,1,,2,1,2,,1,2,3,1,40
1162,2,,1,1,1,3,7,2,2,,0,2,,1,2,,3,3,1,54
411,1,1,1,5,2,1,6,1,1,0,1,,2,,2,1,2,2,,20
1746,1,1,1,3,1,2,7,2,1,0,0,,2,1,1,1,1,,,65
864,2,2,2,5,1,3,5,2,1,1,,2,2,2,,2,2,2,2,45
1474,2,1,1,1,4,1,4,2,1,0,,1,2,1,,1,2,1,3,27
1816,2,2,1,2,2,3,1,1,1,1,,,2,1,,2,,2,1,89
1186,1,2,2,5,4,2,5,2,2,1,0,,1,1,1,1,1,,,29
1160,2,2,2,5,11,3,1,2,2,1,,2,2,1,,1,2,3,1,32
711,1,,1,1,1,3,5,1,1,,0,2,,1,,,1,2,4,77
656,1,,1,1,2,1,3,2,1,,1,2,,1,2,,2,2,5,24
1916,2,2,2,5,1,2,4,1,2,1,,2,2,1,,1,2,,1,39
1968,1,1,1,3,1,1,6,1,1,1,,1,1,2,,1,3,3,1,78
1412,2,,1,1,1,3,5,2,1,,1,2,,2,2,,2,2,4,40
1002,1,2,2,5,1,1,,1,2,1,1,,1,,,1,1,1,,20
1918,2,,1,2,1,1,4,1,,,,2,,1,,,,,,67
930,1,2,1,1,1,3,6,2,1,1,0,,1,1,2,2,1,2,,72
324,1,2,3,1,,1,4,1,2,1,1,,1,2,3,1,2,3,,33
406,2,2,3,1,7,2,5,2,1,1,0,,1,2,2,1,2,2,,42
1756,2,2,2,5,1,2,2,1,2,1,,1,1,1,,1,1,3,7,52
1164,2,2,2,2,1,3,1,2,1,1,,,2,1,,,,1,,55
647,1,1,3,5,2,2,3,2,1,1,0,,1,,1,1,2,1,,18
1270,1,1,1,5,1,2,6,1,1,1,,1,2,,,1,2,2,4,19
1425,1,2,1,5,1,1,2,2,1,1,0,,1,2,2,1,1,1,,24
321,1,,1,5,4,1,4,2,2,,1,1,,,2,,3,,4,21
1268,2,2,2,5,1,3,1,2,1,1,0,,1,1,1,2,1,2,,37
995,2,2,1,2,1,3,1,1,,1,,2,1,2,,3,1,3,1,77
928,2,,1,5,4,1,4,2,1,,1,2,,2,1,,3,3,4,37
1188,1,2,1,1,4,1,4,1,1,1,,1,1,1,,1,1,,1,30
133,2,,1,3,1,2,1,1,2,,1,1,,1,1,,2,2,1,72
1267,2,,1,1,1,1,7,2,1,,0,,,1,2,,1,3,1,48
942,2,1,1,1,11,2,6,2,1,0,,1,1,1,,1,2,3,5,32
119,1,1,1,1,2,1,3,2,1,,,2,1,1,,1,,1,4,68
256,2,2,2,2,1,3,1,1,1,1,,2,1,1,,1,1,2,6,89
506,1,,3,1,2,3,3,1,2,,0,2,,2,2,,2,3,3,49
1545,2,2,1,1,2,3,2,1,2,1,1,,2,,2,1,2,3,,79
1802,2,1,1,5,1,1,5,2,1,0,,2,2,2,,1,2,2,2,25
481,2,2,1,1,1,2,4,2,1,1,1,,1,1,1,1,2,3,,52
863,2,,2,1,1,3,1,1,1,,0,2,,1,1,,1,3,4,68
1596,2,2,1,1,1,1,7,2,1,1,,2,1,1,,1,,,4,85
1431,2,1,1,1,11,3,6,2,1,1,0,,1,1,2,1,2,1,,34
1742,2,1,1,1,1,1,7,1,1,1,0,,2,1,3,1,3,3,,55
1678,2,2,1,2,11,1,4,1,,1,0,,1,1,1,2,3,2,,74
1302,2,2,1,3,1,1,6,1,1,0,1,,1,2,2,1,1,1,,64
925,1,2,1,5,4,1,2,2,2,0,1,,2,2,1,1,2,1,,31
1003,1,2,3,5,4,1,3,1,2,0,,1,2,2,,3,2,1,2,30
1696,2,2,3,3,9,2,4,1,1,0,1,,2,1,2,1,2,,,73
547,1,,2,2,4,1,4,1,2,,1,2,,2,,,2,2,7,73
1882,2,2,3,1,1,3,1,1,2,1,,2,,2,,3,2,2,2,60
1383,2,1,3,1,2,1,2,2,1,0,1,,1,1,2,1,1,2,,26
1876,1,,1,1,1,3,2,2,2,,0,2,,1,2,,1,2,5,89
220,2,,3,1,2,1,3,1,1,,1,2,,2,3,,2,1,4,33
240,1,2,3,1,2,3,,2,1,1,0,,1,2,2,1,2,3,,28
880,2,2,3,5,2,2,5,2,1,0,1,,1,2,,1,3,3,,34
1234,1,,2,1,1,3,,2,1,,0,2,,2,2,,2,1,1,32
491,1,,3,5,4,1,4,1,1,,1,1,,,2,,3,2,1,20
1760,2,,1,1,1,3,7,2,1,,0,2,,1,2,,,3,4,80
875,2,2,1,4,1,3,2,2,1,0,1,,1,1,2,1,2,2,,74
1823,2,2,1,3,1,3,6,2,1,1,0,,2,1,2,3,2,1,,74
1286,1,2,2,5,1,3,2,1,2,1,,1,2,1,,1,1,3,1,22
971,1,,3,1,1,3,2,2,1,,0,2,,1,2,,2,1,3,24
1010,2,2,1,2,2,3,3,2,2,1,,2,1,1,,3,1,1,1,71
1406,2,2,1,3,1,1,2,2,2,,,2,2,1,,1,2,3,4,68
479,1,2,1,5,2,1,3,1,2,1,1,,2,,3,1,2,,,19
1100,2,,1,1,1,1,2,2,2,,1,1,,1,1,,1,1,3,66
364,2,2,3,5,1,3,4,1,1,1,0,,1,2,1,1,2,2,,34
1801,2,,3,1,1,1,4,2,2,,0,2,,1,2,,2,2,1,45
1049,2,2,3,5,1,1,1,1,1,1,,1,1,1,,1,1,2,1,47
1900,1,2,3,5,2,2,5,1,2,1,,2,1,,,1,2,2,5,29
1448,2,,1,1,1,2,6,2,1,,1,1,,1,2,,2,1,3,51
1642,1,1,1,1,4,1,2,2,1,1,0,,2,1,2,1,2,1,,86
838,2,2,1,1,2,1,3,2,,0,,,1,2,,2,1,2,3,38
1379,2,2,1,2,1,2,,1,1,1,,1,1,2,,3,2,2,7,69
155,2,2,3,5,2,2,4,1,2,1,,2,1,2,,1,1,2,4,28
1157,2,1,1,3,1,3,6,2,1,1,0,,1,1,1,1,1,2,,58
1074,2,2,2,5,1,3,2,2,1,1,,2,1,1,,2,2,3,1,57
209,1,2,1,5,4,1,2,2,,1,1,,1,2,1,1,2,2,,30
1904,2,2,3,5,4,1,,1,1,1,,2,1,2,,1,3,,5,25
225,2,1,1,1,1,2,6,2,1,1,0,,1,1,2,1,2,2,,67
1931,1,,1,1,1,2,7,1,1,,0,2,,1,2,,2,2,4,73
1444,1,,3,5,11,2,3,2,1,,1,2,,2,3,,2,,6,25
1533,2,2,3,1,1,3,4,1,2,0,,2,1,1,,1,3,2,4,60
860,2,1,1,1,1,2,3,2,1,1,,1,1,1,,2,1,2,3,64
1110,2,,1,1,2,2,3,2,2,,0,1,,1,2,,2,1,1,59
395,2,2,2,5,1,1,1,2,2,0,1,,1,1,1,1,1,2,,29
308,1,2,2,3,9,3,3,1,2,1,,2,1,,,1,1,1,1,57
1764,2,,1,2,4,1,4,1,2,,0,1,,2,2,,2,2,3,62
554,2,,2,2,1,3,1,1,2,,0,2,,1,1,,3,2,7,80
1925,2,3,1,1,1,3,2,2,1,1,0,,1,2,1,2,2,2,,56
1855,1,,1,1,1,3,6,2,1,,0,2,,1,2,,2,3,7,55
1026,1,1,1,1,4,1,1,2,1,0,1,,1,1,1,3,1,1,,27
859,1,2,1,3,4,1,4,1,1,1,1,,1,2,2,3,1,1,,35
546,1,2,2,1,1,3,3,2,2,1,0,,1,1,2,1,2,2,,62
500,1,2,3,1,2,1,4,1,1,0,,2,1,,,2,1,2,2,25
1365,1,1,1,3,4,1,4,2,1,0,1,,2,1,2,1,1,1,,47
20,2,2,3,5,2,1,4,2,1,0,1,,1,,1,1,1,2,,18
1241,2,2,1,5,,1,4,1,1,1,,,,2,,1,2,,4,23
1184,2,2,2,5,1,3,1,1,2,1,,1,1,1,,1,2,1,7,57
566,1,2,3,1,2,1,1,1,1,0,1,,1,,1,1,1,1,,68
1089,2,2,2,1,1,1,4,1,1,1,1,,1,2,1,1,2,1,,38
1661,1,1,1,1,1,1,5,2,1,0,0,,1,1,2,1,1,2,,79
1187,2,,2,5,1,2,7,1,,,0,1,,,2,,2,2,1,19
1085,2,,1,1,6,1,3,2,1,,1,1,,2,2,,1,1,5,31
1700,2,2,3,2,2,2,,2,,,,1,,,,1,1,2,1,74
533,1,1,1,1,2,1,6,2,1,0,,1,1,1,,1,2,3,2,58
939,2,2,1,1,4,1,4,2,1,0,1,,1,1,2,2,1,1,,48
1527,1,1,1,2,1,3,1,2,1,1,,2,1,1,,1,1,1,1,67
1370,2,,1,3,10,2,2,1,2,,0,2,,1,2,,1,2,1,60
222,2,1,1,1,1,1,1,1,1,0,1,,1,1,3,1,1,2,,54
15,1,,3,5,2,2,4,1,2,,1,2,,2,1,,2,1,7,52
1380,2,2,1,4,2,1,1,2,2,1,0,,1,1,3,2,2,2,,63
1121,2,,1,1,1,3,4,2,2,,,2,,2,,,,2,5,65
1943,2,2,2,5,1,1,4,2,2,0,,1,2,1,,1,3,3,4,30
507,2,1,1,1,4,1,5,2,1,,1,,2,,3,1,2,1,,49
257,1,,2,5,4,1,1,2,2,,0,1,,1,1,,3,3,1,30
1025,2,1,3,1,4,1,4,1,1,1,,1,1,2,,1,2,1,1,40
843,2,,1,1,1,3,6,2,1,,0,2,,1,2,,2,2,1,77
764,2,2,1,4,1,2,7,2,1,1,,1,1,1,,1,1,1,7,47
1864,2,2,1,1,1,1,5,1,1,,,1,2,2,,2,2,2,1,62
1808,1,,1,5,1,1,4,1,2,,0,2,,2,1,,2,1,1,64
1429,2,2,1,2,1,1,2,1,1,1,,1,1,2,,1,3,3,1,89
1066,1,2,1,5,2,1,4,2,1,0,1,,1,2,3,3,1,2,,28
1774,2,2,1,2,1,3,4,2,1,1,0,,1,2,2,1,1,2,,86
1477,2,2,1,1,1,1,6,2,1,1,1,,1,1,1,2,1,1,,70
473,2,,2,5,1,3,2,1,2,,0,2,,1,2,,3,3,4,37
1716,2,,1,2,,,5,1,1,,0,2,,,2,,2,,4,82
740,1,,1,2,2,2,2,2,1,,1,1,,1,1,,2,2,5,62
1045,1,2,1,1,4,1,7,1,1,1,,,1,1,,1,1,3,6,84
469,1,1,1,4,4,1,5,2,1,,1,,1,2,1,3,1,3,,58
180,1,2,3,1,2,2,4,1,2,1,,2,1,2,,1,3,3,1,38
1541,2,2,1,5,2,3,4,1,2,1,,2,1,1,,1,2,2,4,55
835,2,2,2,2,1,2,2,1,2,,,2,1,1,,2,3,1,1,58
1827,1,1,1,1,1,1,2,2,2,0,1,,2,1,3,1,1,1,,56
85,2,,1,5,4,1,1,2,1,,1,1,,2,2,,2,2,2,64
1091,2,2,2,1,1,3,4,2,2,1,,,1,1,3,1,2,1,,49
238,1,2,1,5,2,2,4,2,1,0,,,1,2,,1,3,2,1,32
1525,1,,1,5,1,2,3,1,1,,0,1,,1,2,,1,1,1,26
882,1,1,2,3,11,3,1,1,1,1,1,,2,1,2,1,1,2,,33
152,2,2,1,5,2,2,3,1,2,1,,2,1,2,,1,2,2,4,49
1323,1,1,1,5,1,2,3,2,2,,0,,1,1,1,1,2,1,,30
1309,2,2,2,5,1,3,2,2,1,0,1,,1,1,2,3,2,1,,25
888,1,1,1,1,1,1,7,2,1,1,1,,1,1,1,3,2,3,,61
846,2,1,1,1,1,2,7,2,1,1,,1,1,1,,1,1,2,7,56
1202,1,1,1,3,11,1,6,1,1,0,,1,1,2,,1,2,2,6,39
1763,1,1,1,5,4,3,7,2,1,1,,1,2,1,,1,2,1,7,53
622,2,,1,1,11,3,7,2,1,,0,2,,1,,,2,2,,33
247,2,2,1,5,11,2,2,2,1,0,0,,1,1,1,1,3,1,,39
1229,2,2,2,5,1,3,4,2,1,1,1,,1,2,1,1,3,1,,33
521,2,,2,3,1,1,1,2,1,,0,2,,1,3,,1,2,4,57
485,1,,1,1,10,1,1,1,1,,1,2,,1,2,,2,2,1,82
1244,1,,2,5,1,3,1,1,,,,,,,,,1,,4,59
1457,1,1,1,1,4,1,4,2,1,0,,,1,2,,2,1,2,3,47
1862,2,,1,1,1,1,5,2,2,,0,1,,2,2,,2,2,1,44
667,1,2,3,5,2,3,5,2,,1,,2,2,2,,3,1,1,4,38
277,2,2,1,5,2,2,1,2,1,1,0,,1,1,1,1,3,1,,32
1677,2,2,1,1,4,1,,2,2,0,1,,1,1,3,2,1,2,,71
560,2,2,1,1,2,2,4,2,2,1,0,,1,,2,2,3,,,48
300,2,1,1,1,2,1,4,2,1,1,,1,1,,,1,1,3,3,56
1584,1,2,1,5,4,1,5,2,1,0,,1,2,1,,3,2,2,2,25
707,2,2,1,1,1,1,2,2,1,0,,1,1,2,,1,2,1,2,25
1741,2,1,1,2,1,1,7,2,1,1,0,,1,1,2,3,2,3,,84
457,2,2,1,1,1,1,,2,2,,,,1,1,,1,2,1,7,65
1683,1,1,1,1,2,3,2,1,1,1,0,,1,1,,1,2,2,,67
1112,2,,1,1,1,3,7,2,1,,0,2,,1,2,,1,1,7,65
576,1,2,2,2,11,3,4,1,1,1,,1,1,2,,2,1,1,4,60
1265,1,2,1,5,1,1,5,2,2,0,,1,2,2,,2,1,2,1,27
737,2,1,1,2,2,3,2,2,2,0,,2,1,1,,2,2,,4,76
1905,1,1,1,1,1,3,2,2,1,1,0,,1,2,2,1,1,3,,68
1342,1,1,1,1,1,3,2,2,2,1,1,,1,1,2,1,2,3,,87
245,1,2,1,2,2,1,3,2,1,0,,1,1,,,3,1,2,1,87
605,1,,1,1,2,1,2,2,2,,1,1,,1,3,,1,2,2,70
154,2,,3,1,2,2,2,1,2,,1,2,,2,1,,2,2,1,42
1345,2,2,1,2,1,3,6,2,2,1,,2,2,1,,1,2,2,7,86
606,1,2,1,5,4,1,2,2,2,,1,,1,1,3,2,2,1,,28
1775,1,,1,1,1,1,2,2,1,,1,1,,,2,,2,2,4,59
1769,1,2,1,2,4,1,3,1,1,1,,,1,2,,2,2,1,4,78
1565,1,,3,1,2,1,5,2,1,,1,1,,1,1,,1,2,7,45
1146,2,1,1,1,1,3,3,1,1,1,,2,1,2,,1,3,2,1,41
426,1,2,1,5,4,1,4,2,1,0,0,,2,,1,3,2,3,,20
1418,1,2,2,1,1,1,1,2,1,0,1,,1,1,1,1,1,1,,35
298,2,2,1,3,4,1,4,2,1,1,1,,1,1,3,2,1,1,,23
1061,2,1,1,3,2,1,4,2,,0,1,,1,2,3,1,1,,,42
1236,2,2,1,2,2,3,1,2,2,0,1,,1,1,2,1,1,2,,77
1892,1,1,1,3,1,3,1,2,1,1,,1,1,1,,2,2,2,2,51
1641,2,,1,5,4,1,6,2,1,,0,2,,1,1,,3,3,3,36
448,2,1,1,5,4,1,4,2,2,0,,1,2,2,,1,2,2,3,23
634,2,2,1,3,3,1,1,2,2,0,1,,1,1,1,1,1,,,58
1607,2,2,1,1,1,3,4,1,2,1,0,,1,,1,1,3,2,,32
940,2,,1,3,4,1,4,2,1,,1,,,1,3,,1,2,3,39
1212,1,1,1,5,4,1,4,1,1,0,,2,1,,,1,1,2,4,19
1526,2,,1,2,1,3,4,2,1,,0,1,,1,2,,1,1,7,81
1626,2,,1,3,4,1,5,1,1,,1,1,,2,1,,2,2,4,50
217,1,,1,1,1,3,5,2,1,,0,2,,1,2,,2,2,6,72
376,2,2,1,2,1,3,4,2,2,1,,2,1,1,,1,2,2,7,85
1084,2,1,1,1,1,2,5,2,1,1,,,2,1,,1,,,2,46
38,2,,2,5,1,2,1,2,1,,1,2,,1,3,,3,2,1,49
226,1,,1,1,1,1,,2,1,,1,1,,1,2,,1,2,6,48
1826,2,1,1,1,1,3,3,2,1,0,,2,2,2,,1,2,2,4,59
1226,2,,1,1,11,1,4,1,1,,0,2,,1,2,,3,3,1,44
1867,1,1,1,1,1,3,1,2,1,1,0,,1,1,2,3,1,2,,71
949,2,2,1,3,1,1,6,2,1,1,1,,1,1,2,1,1,2,,70
580,2,,1,3,2,1,6,1,1,,0,2,,1,3,,1,1,7,66
1780,1,1,1,3,1,2,2,2,1,1,0,,1,1,2,2,1,1,,65
1107,1,1,1,5,2,1,4,1,1,1,1,,2,2,1,1,2,1,,23
645,1,,1,1,11,1,4,2,1,,1,2,,2,2,,2,2,5,48
303,2,1,1,1,2,3,7,2,2,1,,2,2,1,,1,2,3,7,62
1261,2,1,1,2,1,3,7,1,2,1,0,,2,1,,1,2,1,,81
233,2,2,2,3,1,1,1,1,1,1,,1,1,1,,3,2,2,2,68
1441,1,,1,5,4,1,2,2,1,,1,,,1,,,1,1,2,30
1343,1,3,1,1,1,2,6,1,1,1,,2,2,2,,1,2,1,6,75
1238,1,,1,3,1,1,4,2,2,,0,1,,1,2,,1,1,7,42
1014,2,,1,1,2,2,2,2,1,,1,1,,1,1,,3,1,2,55
779,2,,1,5,4,1,4,2,1,,0,1,,1,,,2,2,3,22
559,1,1,1,5,4,1,4,2,2,0,,1,1,2,,3,1,1,4,53
1776,1,1,1,5,4,1,4,2,1,0,1,,1,1,2,3,1,1,,27
856,1,2,1,1,1,1,3,1,1,1,0,,1,1,2,1,1,1,,63
1813,1,1,1,1,1,2,2,2,1,1,,2,1,1,,1,2,1,3,61
749,2,,1,5,2,1,2,1,1,,0,1,,2,1,,2,2,4,22
1594,2,2,1,1,1,3,4,2,1,1,0,,2,2,,1,2,,,28
1967,2,,1,1,3,1,7,1,1,,1,2,,1,1,,2,2,7,69
176,1,1,3,5,2,2,4,2,1,1,1,,2,2,2,1,3,2,,22
1263,2,3,1,1,1,3,7,2,1,1,0,,,1,2,1,1,2,,62
1176,2,1,1,1,2,3,6,2,1,0,1,,1,1,2,1,1,1,,61
1675,1,,1,5,4,1,1,2,1,,0,1,,1,1,,2,1,1,27
320,2,,2,1,1,3,1,2,2,,0,2,,1,2,,3,1,5,57
1476,1,,1,1,1,2,2,2,1,,0,2,,1,2,,2,3,4,65
1810,2,,1,2,1,3,2,2,1,,0,2,,1,2,,2,3,2,87
993,2,2,1,5,1,3,7,2,1,1,0,,2,1,2,1,2,2,,50
812,2,,2,2,11,3,1,1,2,,0,2,,1,2,,3,3,1,72
1946,1,1,1,3,1,1,7,2,1,1,,2,1,1,,1,1,2,1,50
1686,2,1,1,1,2,2,5,2,2,0,,2,2,1,,1,3,2,4,58
1752,2,,1,3,1,1,4,2,1,,1,1,,2,,,2,1,5,46
368,1,2,1,1,2,1,4,1,1,0,,1,1,,,1,1,2,4,35
1744,1,1,1,1,11,2,7,2,1,1,0,,2,2,2,1,2,1,,41
59,2,2,3,5,11,1,1,1,2,1,,1,1,1,,1,2,2,3,81
1189,2,2,1,1,1,1,7,2,2,1,0,,1,1,3,1,2,3,,38
911,1,2,2,1,4,1,3,1,1,1,0,,1,2,1,1,1,2,,40
773,2,2,1,1,2,1,3,1,2,0,0,,1,,1,2,2,3,,43
1817,2,2,1,2,1,3,7,2,1,1,,2,2,2,,1,1,3,2,59
950,2,2,1,1,1,3,3,2,1,1,0,,1,2,1,1,2,1,,31
199,1,2,3,5,11,3,2,2,2,1,0,,1,,1,1,2,1,,18
1927,1,1,1,3,2,1,6,2,1,0,1,,1,1,1,1,1,1,,56
730,2,,1,1,1,3,2,2,1,,0,2,,1,,,1,2,6,76
1602,2,,1,3,1,1,4,2,1,,1,1,,,3,,1,1,1,75
1523,2,2,1,1,2,1,4,2,1,1,0,,1,2,3,1,1,2,,56
17,1,,1,1,2,3,6,2,1,,0,2,,,2,,1,,4,36
1655,1,1,1,2,1,1,2,1,1,1,,2,2,2,,2,,1,4,80
1806,2,,1,1,2,1,2,2,2,,0,2,,2,2,,1,2,1,72
1423,1,2,1,5,1,1,4,2,1,0,,,1,1,1,1,1,2,,60
857,1,,1,5,4,1,6,1,1,,1,2,,,1,,2,3,4,19
958,1,2,1,1,1,3,7,2,1,1,,2,1,1,,1,1,2,7,65
1518,1,2,1,1,1,1,4,2,1,1,,1,1,1,,1,1,1,3,67
475,1,2,2,5,1,1,4,2,,1,,1,1,2,,1,1,2,1,58
390,2,2,2,5,1,2,2,2,1,0,,1,1,,,1,2,2,3,19
1292,2,2,1,5,1,1,4,1,1,1,,1,1,2,,1,1,1,4,29
1417,1,2,1,1,11,3,,2,1,0,,1,1,1,,1,1,2,7,55
923,1,,1,1,4,1,4,2,1,,1,2,,2,3,,1,1,1,28
1260,1,,1,1,1,1,4,1,1,,1,1,,2,1,,3,3,1,38
1654,1,1,1,2,2,1,5,2,1,1,1,,2,1,1,2,1,2,,72
619,2,2,1,5,1,2,6,2,1,1,,2,1,2,,2,2,,7,
223,1,2,3,5,4,1,4,1,2,1,,1,2,,,1,2,1,7,18
1679,2,,1,5,3,2,1,1,2,,1,1,,,2,,1,1,2,18
816,1,1,1,1,2,1,7,2,1,1,1,,1,1,3,1,1,2,,48
212,1,2,3,5,1,1,1,2,2,0,,2,1,2,,1,2,2,4,27
688,1,,1,1,1,1,4,1,2,,0,2,,2,1,,3,2,4,30
433,2,,2,3,1,3,6,2,2,,0,2,,1,2,,3,1,3,52
1312,1,1,1,3,2,1,1,2,1,1,,2,1,2,,1,2,,4,68
1880,1,1,1,1,1,1,1,2,1,1,,1,2,1,,1,2,3,1,26
230,2,2,1,1,2,3,4,1,,1,0,,1,,2,2,2,2,,44
1820,1,1,1,1,1,2,6,2,1,1,1,,1,1,3,1,1,1,,48
1840,2,2,1,3,1,1,2,2,1,0,,1,1,1,,2,2,3,4,61
1600,2,2,3,1,2,3,4,1,2,1,0,,1,,3,1,3,2,,46
557,1,2,2,5,1,2,1,1,2,1,1,,2,2,1,3,2,3,,29
1207,2,,2,3,11,2,1,2,1,,0,1,,1,3,,3,3,3,24
115,2,1,1,5,1,1,4,2,1,1,1,,1,2,2,1,2,3,,50
1507,1,1,2,5,2,2,2,2,2,1,1,,2,1,1,2,2,3,,33
349,1,2,1,3,4,1,3,2,2,0,1,,1,1,1,1,1,1,,47
751,2,,2,2,3,2,2,2,1,,0,2,,1,2,,2,2,3,76
423,1,2,1,5,13,3,4,2,2,1,0,,1,2,1,3,3,1,,23
8,2,2,3,4,2,2,4,1,2,0,,2,1,,,1,2,2,1,24
1213,2,2,1,1,1,1,4,2,1,0,1,,1,1,3,1,3,3,,46
1271,2,,1,1,1,3,2,2,2,,1,2,,1,1,,1,1,1,59
218,2,2,1,1,2,1,2,2,2,0,,2,1,1,,1,2,1,3,27
1250,1,,1,5,4,1,5,2,1,,1,1,,,1,,2,3,3,21
983,1,1,1,1,1,3,7,2,1,1,0,,2,1,2,1,2,2,,32
1468,2,2,1,5,2,2,4,2,,,,2,1,2,,1,2,2,5,37
19,1,2,3,1,2,2,,2,2,1,,1,1,2,,2,2,1,7,55
1101,2,1,1,5,4,1,4,2,1,1,,2,1,2,,2,2,3,1,57
1939,2,1,1,1,1,3,1,1,2,1,,2,1,2,,1,1,1,1,73
807,2,,1,1,1,1,7,2,2,,0,2,,,2,,2,3,5,56
1388,1,2,3,5,4,1,3,1,2,0,1,,1,,3,1,2,,,18
1149,1,1,1,1,3,1,3,2,1,0,1,,1,1,2,1,1,1,,77
9,2,2,2,1,4,1,4,1,,0,1,,1,1,1,2,2,3,,28
1019,2,2,1,3,2,3,2,1,1,1,0,,1,1,,2,2,2,,83
1745,2,2,1,3,1,1,2,2,2,1,,2,1,2,,1,1,1,4,51
535,2,2,1,5,1,1,2,2,1,0,,2,1,2,,1,2,2,2,37
963,2,2,1,5,1,3,7,2,1,1,0,,1,,2,1,2,,,19
1243,1,1,1,1,1,3,7,2,1,1,1,,1,2,3,2,2,2,,30
527,2,2,2,5,1,3,2,1,1,1,,2,1,1,,1,2,2,4,65
248,2,,1,1,1,1,4,1,,,0,2,,,2,,2,1,1,76
1346,1,1,1,4,4,1,5,2,1,1,1,,2,2,1,1,1,1,,55
1577,1,,1,5,4,1,2,2,1,,0,2,,2,,,1,1,7,62
1886,2,2,2,3,1,3,1,1,2,1,,2,1,1,,1,2,3,1,54
1199,2,1,1,1,1,3,1,2,2,0,0,,1,1,2,1,1,1,,65
1616,1,3,1,5,2,1,4,1,2,1,1,,1,2,2,3,1,2,,33
945,2,,1,2,2,3,6,2,2,,0,,,1,2,,2,2,6,88
1765,2,2,1,1,1,1,5,1,1,1,0,,1,2,1,3,2,3,,61
271,2,2,1,3,11,3,6,2,1,1,,2,1,1,,1,2,3,6,49
192,1,2,1,3,4,1,7,2,1,0,,2,1,1,,1,2,3,7,51
369,2,,1,1,1,2,4,2,2,,0,2,,1,2,,1,2,5,61
1439,2,1,1,5,4,1,4,1,,1,,2,2,2,,1,3,,5,33
263,2,2,1,2,2,2,2,2,1,1,1,,1,2,3,1,1,2,,78
982,2,2,1,3,1,2,2,2,1,1,,1,1,2,,1,1,,3,49
1404,1,1,1,3,4,1,4,2,1,0,,1,1,1,,3,3,1,2,28
956,2,2,1,1,1,3,,2,2,0,,2,1,1,,1,2,1,7,42
1945,1,,2,5,4,1,3,2,2,,1,1,,,2,,1,1,4,21
524,1,2,2,5,1,2,7,1,1,1,,1,1,,,1,2,2,1,50
1638,2,,1,3,4,1,3,2,1,,1,1,,2,2,,2,1,1,58
881,1,,1,2,2,3,2,2,2,,0,2,,1,2,,2,2,1,71
1411,2,2,1,5,1,2,4,1,1,0,,2,2,2,,1,2,1,4,24
1391,1,,1,1,4,1,6,2,1,,1,1,,1,2,,1,1,7,33
1973,2,,3,5,2,2,4,2,1,,0,2,,2,2,,2,2,3,37
763,1,,1,3,4,1,5,2,1,,1,1,,2,1,,3,3,1,48
998,2,1,1,1,1,2,6,2,1,1,,1,2,1,,1,2,2,5,61
609,2,,1,2,2,3,4,2,2,,,1,,1,3,,1,1,4,80
1516,1,,2,1,1,1,3,1,2,,0,2,,,1,,2,2,1,39
1884,2,1,1,2,1,3,6,1,,1,,,1,2,,1,1,,,74
1161,2,1,2,5,1,2,1,2,2,1,1,,1,1,1,3,2,1,,40
1614,1,2,1,1,1,3,7,2,2,1,0,,1,1,2,1,2,2,,76
1206,2,2,1,1,1,2,1,2,2,1,1,,1,1,1,1,3,3,,44
1784,2,2,1,3,4,1,4,2,1,0,,1,2,2,,1,2,,3,25
1618,1,2,3,5,4,1,4,2,2,1,1,,2,2,1,2,2,2,,26
1889,2,2,1,3,1,3,4,2,1,1,,1,2,1,,1,1,2,1,31
1550,1,2,1,3,2,3,2,2,1,1,1,,2,1,1,1,2,1,,45
588,1,2,2,1,1,2,1,2,2,1,,1,2,1,,1,1,2,1,49
318,2,,1,1,1,3,4,1,2,,0,2,,2,2,,2,2,1,52
1891,1,1,1,1,1,3,6,2,1,1,,2,2,1,,1,3,2,2,45
11,1,2,1,3,2,3,1,1,1,,,,1,1,,1,1,,,55
849,2,2,1,5,2,1,4,2,1,0,1,,1,1,1,1,3,1,,47
526,2,,2,5,1,3,3,2,2,,1,2,,1,1,,3,1,1,47
58,2,2,2,3,1,1,1,2,1,0,1,,2,1,3,1,1,2,,75
1535,1,,2,4,,1,4,2,2,,,1,,2,1,,1,2,1,49
456,2,1,1,1,4,1,5,2,1,1,1,,1,1,1,1,2,2,,59
362,1,2,1,5,2,1,4,2,1,0,1,,1,1,3,1,2,2,,52
258,2,2,1,1,2,2,2,2,1,0,,2,1,1,,1,2,3,1,35
957,2,,1,1,4,1,5,2,1,,1,1,,1,2,,1,1,1,31
1373,2,2,2,5,4,1,4,2,1,1,1,,1,1,2,1,1,2,,25
95,2,,2,3,2,1,1,1,1,,0,2,,2,1,,2,2,4,52
299,2,2,1,5,2,2,6,2,1,1,,2,1,,,1,2,2,3,21
1628,1,1,3,3,2,3,2,1,1,1,1,,2,2,2,1,1,2,,80
363,2,2,1,5,2,1,4,2,2,0,,1,1,1,,2,3,,1,46
1134,1,1,3,4,2,1,,1,1,1,,2,1,2,,1,3,2,3,43
1792,1,,1,2,1,1,1,1,2,,0,2,,2,2,,2,3,2,75
607,2,,1,1,1,1,7,2,1,,0,2,,1,2,,2,3,7,51
935,1,1,3,1,1,2,2,2,1,1,1,,1,2,3,1,1,,,39
1753,2,2,1,1,1,3,4,1,,1,,,2,,,1,3,3,1,49
273,1,2,1,3,5,1,,1,1,0,,1,2,2,,1,2,2,1,47
1009,1,,1,5,1,3,3,2,1,,1,2,,2,2,,2,,3,50
1246,1,2,1,3,1,1,,2,,1,,1,1,2,,1,1,3,1,37
1591,2,2,1,3,1,1,2,2,1,0,,1,1,2,,1,1,3,1,54
1115,2,,1,1,11,3,2,2,1,,1,2,,1,1,,2,2,4,40
1324,1,,1,2,1,3,7,2,2,,0,2,,1,2,,1,1,4,82
1430,1,,1,2,2,3,,2,2,,0,2,,1,2,,3,2,1,86
1396,2,,1,2,1,1,4,1,,,0,1,,,3,,,2,2,73
642,2,,1,5,4,1,4,1,2,,1,,,2,1,,2,2,1,27
1460,2,2,1,1,4,1,2,2,1,0,0,,1,1,2,1,2,1,,41
1284,1,2,2,5,1,2,1,2,1,0,1,,2,2,,1,1,1,,49
691,1,,1,1,1,2,6,2,1,,0,1,,1,,,2,2,5,29
1720,2,1,1,1,1,3,2,2,1,1,,2,1,1,,1,1,2,5,36
1305,2,,2,3,1,3,1,2,,,0,2,,1,1,,1,1,1,65
1537,2,1,1,1,1,2,4,2,1,1,0,,2,2,2,1,1,2,,33
1218,2,2,1,5,11,1,2,2,1,1,,2,1,1,,1,1,3,3,46
1805,1,1,1,1,1,3,2,1,1,1,,2,1,1,,3,1,2,4,86
80,2,2,3,5,2,2,4,1,1,1,,2,1,2,,1,2,2,3,23
132,2,2,1,1,2,2,4,2,1,0,1,,2,2,1,1,2,1,,24
1694,2,1,1,1,1,3,4,2,1,,,2,1,1,,2,3,1,1,30
1308,1,1,1,3,2,1,7,2,1,1,,1,2,1,,1,1,1,1,60
1174,1,1,1,3,1,1,2,2,1,0,0,,1,2,2,1,1,2,,56
1612,1,1,1,3,4,1,,1,1,0,,1,1,2,,1,3,2,2,54
1722,1,,1,3,4,1,3,2,1,,1,1,,2,1,,1,3,3,59
732,2,,2,5,1,3,2,2,1,,1,2,,1,2,,3,3,4,43
1494,1,2,3,5,2,1,4,1,2,1,,,,2,,1,2,2,1,58
620,1,2,2,5,4,1,2,2,2,0,1,,2,,1,3,3,3,,19
254,1,,3,1,2,2,3,1,2,,0,2,,1,,,1,2,4,39
665,2,2,2,5,1,3,1,1,1,1,0,,1,,3,1,2,2,,50
28,1,2,1,1,2,1,4,1,1,1,1,,1,2,1,3,3,,,50
899,2,2,2,2,1,3,,2,1,1,0,,1,1,1,1,2,2,,74
1182,2,2,1,3,1,1,4,2,,0,1,,1,2,,1,2,,,59
1512,2,,1,1,1,3,6,2,1,,0,2,,1,2,,1,2,3,55
1148,2,,1,5,2,3,6,2,2,,1,2,,1,3,,2,1,3,23
1040,2,,1,4,4,1,2,4,2,,1,,,1,3,,1,2,1,36
1572,2,,3,3,4,1,3,2,1,,1,2,,2,2,,1,2,1,46
1952,2,2,1,1,4,1,3,4,,0,1,,2,1,3,1,2,2,,45
672,2,2,1,1,1,3,4,5,2,0,,1,1,1,,1,2,2,2,54
205,1,,1,1,2,2,2,3,1,,0,2,,1,1,,2,1,4,57
1551,1,,1,5,1,3,7,2,1,,1,2,,1,2,,1,1,5,44
916,2,,1,5,2,2,6,2,2,,0,2,,,2,,1,2,5,21
1128,2,2,1,3,1,3,5,4,1,1,,1,2,1,,1,2,2,7,53
1637,2,2,1,5,1,1,2,2,1,0,,1,1,1,,1,1,1,5,62
924,2,2,1,2,1,1,1,2,1,0,0,,1,1,3,2,1,1,,84
466,1,1,1,1,4,1,6,4,1,0,,1,1,1,,2,1,1,7,46
322,2,2,2,5,1,2,1,3,1,1,,2,1,2,,3,1,2,5,50
387,2,2,1,3,4,1,1,2,1,0,1,,2,2,1,2,1,1,,54
1828,1,1,1,1,5,2,1,5,1,0,,1,1,1,,1,2,2,1,60
4,2,,1,1,1,1,6,2,1,,1,1,,1,3,,1,3,7,49
1216,2,2,1,5,4,1,,4,1,0,,1,2,2,,3,2,1,1,35
24,2,,3,1,4,1,4,3,1,,0,2,,2,1,,3,3,4,45
1282,1,2,3,5,7,2,5,5,1,1,0,,1,,2,1,2,1,,37
157,2,2,3,5,4,1,2,2,2,0,,1,1,2,,3,3,1,3,35
530,2,,2,1,1,3,2,5,2,,1,,,1,2,,1,2,3,47
664,1,2,2,3,1,3,1,2,2,1,,2,1,1,,1,2,2,7,52
789,1,1,1,1,2,2,5,3,1,1,,2,2,1,,1,2,2,7,62
1249,2,2,1,1,5,3,7,3,1,0,,1,1,1,,1,2,2,3,31
920,2,1,1,3,1,1,2,3,1,0,0,,1,2,2,1,1,1,,34
10,2,2,1,5,4,1,1,4,2,0,,1,1,1,,2,1,2,1,28
93,2,,3,1,4,1,4,5,2,,1,1,,2,,,3,2,1,33
1838,2,2,1,5,11,2,3,2,1,0,1,,2,1,3,2,2,1,,32
1954,2,1,1,5,2,2,6,3,2,0,,1,1,2,,1,2,2,5,28
795,1,2,1,5,11,1,5,3,1,0,1,,1,2,1,1,1,2,,29
1587,2,,1,5,1,1,3,5,2,,0,1,,1,3,,1,2,3,61
753,1,,1,3,1,2,6,4,1,,1,1,,1,2,,1,1,5,64
1807,2,2,3,5,2,2,2,3,1,1,,2,1,1,,1,1,2,4,36
1356,1,2,1,1,2,3,7,5,1,1,,,1,1,3,1,2,2,,47
1401,2,,1,3,4,1,1,5,1,,1,1,,1,1,,1,1,1,68
1172,2,,2,1,1,2,1,4,2,,1,2,,1,1,,2,3,1,52
946,2,2,1,2,2,3,1,4,1,1,,2,1,1,,1,2,2,4,86
1588,1,2,1,5,1,3,2,3,1,1,,1,1,1,,1,1,2,4,61
1237,2,,1,1,1,3,5,2,2,,0,2,,1,2,,2,2,4,63
379,2,,3,1,4,1,4,5,2,,1,2,,2,3,,3,3,5,27
1731,2,1,1,1,1,3,7,5,1,1,0,,1,1,2,2,1,2,,54
1008,1,2,1,5,4,1,4,2,2,0,1,,1,2,2,1,3,3,,23
260,2,1,1,1,1,3,6,4,2,0,,1,2,1,,3,2,2,5,69
1721,1,2,2,1,11,3,5,5,1,1,0,,1,1,2,1,2,2,,55
57,2,2,2,1,1,2,1,2,1,1,,1,1,2,,1,3,2,1,41
536,2,1,1,4,1,2,7,3,1,1,,2,2,1,,1,2,1,5,40
760,1,2,3,5,7,2,2,3,1,1,0,,2,2,1,1,2,2,,24
1937,1,,1,3,4,1,1,5,2,,1,2,,1,1,,1,2,4,65
1712,1,,1,1,1,3,3,5,1,,0,1,,1,3,,1,1,3,56
214,2,1,3,1,2,3,1,3,1,0,,2,1,1,,1,2,2,4,65
494,2,,1,2,2,2,6,4,1,,1,2,,1,2,,1,1,5,61
1341,2,2,1,1,1,1,,2,2,0,,1,1,2,,1,3,,7,29
1367,1,,1,1,1,3,7,5,1,,0,2,,1,2,,2,1,7,77
1454,1,,1,1,1,3,5,4,2,,0,2,,1,2,,2,3,5,44
1394,2,,1,1,4,1,1,5,1,,1,1,,1,3,,1,1,2,42
73,1,2,1,1,9,3,3,4,1,1,,2,1,2,,2,1,2,4,47
699,2,,1,1,11,1,1,4,2,,1,1,,1,1,,1,1,3,30
61,2,2,2,2,11,2,1,5,1,,1,,1,1,3,2,1,1,,67
109,2,,2,3,1,1,2,5,2,,1,1,,1,3,,1,2,1,55
1,1,2,1,5,2,1,3,4,,0,1,,2,2,2,2,3,2,,22
973,1,2,1,1,1,3,3,5,1,1,0,,1,1,2,1,3,1,,40
436,2,1,1,1,2,2,7,4,1,0,1,,2,1,1,1,2,2,,51
628,2,2,3,1,4,2,3,4,1,1,0,,2,2,1,1,2,2,,28
249,1,1,1,5,1,3,4,3,1,1,,1,2,1,,1,1,1,6,32
1437,1,,1,1,2,2,6,2,1,,0,,,1,2,,2,1,7,47
1204,1,2,2,1,1,2,1,2,2,1,1,,1,1,2,1,1,1,,54
325,1,1,1,1,1,2,6,2,1,1,,1,1,2,,1,2,2,3,26
1667,2,2,2,3,1,3,5,2,2,1,1,,1,2,1,1,3,2,,51
1377,2,,1,1,2,2,2,2,1,,1,2,,1,2,,2,2,2,53
980,1,3,1,1,1,3,6,4,1,1,,2,1,1,,1,2,2,5,64
901,1,2,1,1,1,3,6,4,1,1,0,,1,1,3,1,2,3,,41
1581,2,,1,1,1,3,6,4,1,,,2,,1,3,,2,,4,55
719,2,2,1,5,2,2,6,2,1,1,0,,1,1,2,1,2,2,,49
601,2,2,1,1,1,1,1,4,1,0,,1,1,1,,2,2,2,3,56
1598,2,2,1,4,2,3,3,5,2,0,1,,1,2,1,1,1,1,,34
146,2,,2,5,2,3,1,2,,,,1,,1,1,,2,1,1,64
295,1,,1,1,4,2,3,5,2,,0,,,1,,,1,1,2,38
453,1,2,1,5,4,1,3,4,2,0,1,,1,1,1,1,1,2,,54
402,1,2,3,5,1,3,7,5,2,1,,2,1,,,1,2,1,3,37
1211,1,,1,1,1,2,7,4,1,,1,2,,1,2,,2,2,6,53
1663,2,1,1,1,11,3,5,3,1,,,,2,1,,1,2,,,45
1859,2,1,1,1,4,,4,5,1,0,1,,1,1,2,1,2,2,,60
1709,2,,1,2,1,2,7,5,2,,0,2,,1,1,,1,2,4,88
54,1,,3,5,4,1,3,3,1,,1,1,,1,2,,1,1,2,38
738,2,,1,2,4,1,4,2,1,,1,1,,2,3,,1,,1,45
72,2,2,1,2,1,3,6,5,,1,0,,1,1,,1,2,2,,81
1483,1,2,1,5,1,3,7,5,1,1,,2,2,1,,1,2,2,6,29
1906,2,,2,5,1,2,1,2,2,,0,2,,1,1,,,,1,62
1699,2,,2,3,11,3,4,2,2,,0,2,,2,2,,1,3,1,39
1705,1,2,1,1,1,3,,5,1,1,,2,2,1,,1,1,1,6,32
529,1,2,2,5,1,2,,2,2,1,,1,1,,,2,2,1,2,20
638,1,,1,1,1,3,6,2,1,,0,1,,1,2,,2,3,6,51
1294,2,1,1,5,1,2,3,2,1,1,,1,2,2,,1,,,3,24
771,1,1,1,5,1,1,5,2,1,1,1,,2,1,2,1,1,,,41
766,2,1,1,1,1,2,6,2,1,,,,1,2,,1,,1,7,76
591,1,2,2,5,1,2,2,5,2,1,,1,1,2,,3,2,2,1,30
27,1,2,1,5,1,2,6,2,1,1,1,,1,1,3,1,1,1,,22
1842,1,1,1,1,1,3,7,4,1,1,0,,2,1,3,2,2,1,,32
510,1,2,2,2,1,2,3,2,1,1,,2,1,1,,1,1,2,7,80
871,2,,1,1,11,2,1,4,1,,1,1,,1,1,,2,1,1,34
1298,2,1,1,3,1,2,3,5,1,0,1,,1,1,3,2,1,2,,61
1488,1,,1,3,1,1,6,4,1,,0,2,,1,3,,2,1,7,47
69,1,,1,5,4,1,3,4,2,,1,1,,1,1,,1,,1,46
1303,1,2,2,1,1,2,3,4,2,1,,2,2,1,,1,1,2,1,52
704,1,,1,5,4,1,3,2,2,,1,1,,1,1,,1,1,3,25
467,1,1,1,1,4,1,3,4,1,0,1,,1,2,2,1,1,2,,41
1472,2,2,3,1,2,3,4,2,1,1,1,,1,2,2,1,3,2,,55
1897,1,2,1,5,1,3,5,3,2,0,0,,1,2,2,1,2,1,,28
1427,2,1,1,3,4,1,1,2,1,1,,1,1,1,,1,3,3,1,46
1553,2,1,1,1,1,3,7,4,1,1,0,,2,1,2,2,2,2,,65
1926,2,,2,5,1,3,2,3,2,,0,2,,1,3,,1,,4,34
1015,1,1,1,5,1,1,4,4,,0,,2,1,2,,2,1,2,3,29
1335,1,1,1,2,2,3,5,2,1,1,,1,2,1,,2,1,1,6,69
1319,1,,1,3,4,1,1,4,1,,1,1,,1,1,,1,1,3,52
281,2,,1,1,1,1,2,5,1,,1,1,,1,2,,2,1,4,62
1293,1,,1,3,1,2,3,2,1,,1,1,,2,3,,1,2,4,52
657,2,2,2,5,4,1,1,2,2,0,,1,1,1,,2,1,3,7,59
98,2,2,3,5,8,2,2,2,2,0,1,,1,,2,1,2,2,,19
658,2,2,3,5,4,1,4,2,1,0,1,,1,2,,1,3,2,,27
962,2,2,1,1,1,1,7,3,1,0,,2,,1,,1,2,2,5,65
902,1,1,1,1,1,3,5,2,2,1,0,,1,1,,3,1,2,,71
31,1,2,1,5,2,,4,4,1,1,,2,1,1,,1,1,2,7,78
278,1,,1,5,1,3,5,4,,,0,2,,2,2,,2,2,6,30
1852,2,,1,1,2,1,2,3,1,,0,1,,1,2,,1,2,5,57
1118,2,2,1,2,4,1,1,2,,0,,,1,1,,2,2,1,,72
237,1,2,2,5,11,1,4,4,2,1,0,,2,2,3,2,2,2,,53
1011,1,,1,5,1,3,4,4,1,,0,,,2,3,,2,3,4,25
1636,2,2,1,3,1,2,7,4,1,,1,,1,1,2,2,2,2,,67
989,2,2,1,1,4,1,6,2,1,,,1,1,1,,1,1,3,3,39
1528,2,2,1,5,1,2,3,2,1,0,0,,1,1,2,1,1,1,,53
1381,2,1,1,5,2,1,4,2,1,1,,2,1,1,,1,1,2,6,59
790,1,1,1,1,1,3,6,4,1,1,0,,2,1,2,1,1,1,,51
794,2,2,3,1,6,1,3,4,,,,,1,2,,2,2,2,1,36
371,2,2,1,3,2,1,3,2,,0,1,,1,2,3,1,2,2,,60
170,1,2,1,1,1,1,2,5,2,0,,1,1,2,,3,1,2,2,40
1042,1,,1,1,1,3,3,4,1,,0,1,,1,3,,1,2,1,58
1113,1,1,1,1,1,3,7,4,1,1,,2,1,1,,1,1,2,7,30
1000,1,2,1,4,2,1,4,3,1,0,,1,1,1,,1,2,2,4,56
677,2,2,1,5,4,1,3,2,2,0,,2,1,2,,1,,,4,23
168,2,2,3,5,2,3,4,4,,0,,1,1,1,,1,2,2,4,28
178,1,2,1,3,1,3,,5,2,0,,1,1,2,,3,2,1,2,67
1480,1,1,1,1,2,2,5,5,2,0,1,,1,1,,1,2,,,37
165,1,,1,1,3,1,6,2,1,,1,1,,1,3,,3,2,1,62
774,2,2,1,3,1,3,7,2,1,1,,1,1,1,,1,1,1,7,66
1768,2,1,1,1,1,2,7,2,2,1,0,,2,1,1,1,2,1,,70
424,2,2,1,5,4,1,3,4,1,0,,1,1,1,,1,2,1,3,48
997,2,1,1,1,1,1,7,2,1,1,0,,2,1,2,1,2,3,,32
1503,1,1,3,1,1,2,4,5,1,1,0,,2,1,2,1,2,1,,39
139,2,,3,1,4,2,4,4,1,,1,2,,2,,,2,1,5,49
612,2,1,1,2,1,1,7,2,1,1,1,,1,1,2,1,1,3,,64
981,1,,1,1,11,1,4,2,1,,1,1,,1,2,,1,2,7,29
108,2,2,1,3,1,3,6,2,1,1,0,,2,1,2,2,1,3,,55
1193,1,,1,5,2,2,6,4,1,,0,1,,1,1,,3,2,6,24
659,1,,1,3,2,1,1,5,2,,1,1,,1,1,,1,2,2,54
1290,1,2,2,5,9,1,2,2,1,1,0,,1,1,1,1,1,2,,41
1727,2,1,1,1,1,3,7,4,1,1,,2,1,1,,1,2,2,7,48
143,1,,1,3,1,2,5,4,1,,1,2,,1,2,,1,1,4,73
1314,2,1,1,5,4,1,1,5,2,0,0,,1,1,3,2,1,2,,37
377,2,2,1,1,2,1,1,2,1,0,1,,1,1,1,1,,,,63
1649,1,2,1,5,4,1,,3,1,0,1,,1,1,3,1,2,1,,27
1605,1,2,1,3,2,2,6,2,2,1,,2,1,1,,2,1,2,7,82
1037,1,,1,4,4,1,2,4,2,,1,1,,1,1,,1,1,2,40
673,2,2,1,3,4,1,1,4,2,0,1,,1,1,3,2,2,2,,39
748,1,,1,5,2,3,2,2,1,,0,2,,1,1,,3,3,7,22
280,2,2,1,1,4,1,2,4,2,0,,2,1,,,2,2,1,4,41
1145,2,2,2,5,1,3,6,2,1,1,0,,1,1,3,1,2,2,,38
1141,2,2,2,1,1,2,4,3,2,1,0,,1,1,2,1,2,2,,39
893,2,,1,1,2,3,7,4,2,,0,2,,1,3,,3,2,7,42
573,1,,1,3,3,2,3,5,1,,1,1,,1,1,,1,1,4,84
274,1,,1,1,4,1,1,3,2,,0,1,,1,3,,2,1,2,59
965,2,1,1,1,2,2,7,4,1,0,0,,1,1,2,1,2,1,,31
706,1,1,1,1,2,2,7,4,1,0,,1,2,1,,1,1,2,7,52
1850,2,,1,1,2,3,7,4,1,,0,1,,1,,,2,1,7,39
1912,2,,1,4,1,3,3,2,1,,1,1,,2,1,,2,,1,24
418,2,,1,1,1,3,4,2,1,,0,2,,2,2,,1,2,4,54
451,1,,1,1,3,1,2,5,2,,1,1,,1,3,,2,2,2,41
1708,2,2,1,3,1,2,7,2,,1,0,,1,1,2,1,1,,,71
90,1,,3,1,1,3,4,2,2,,0,2,,2,1,,1,2,1,32
614,1,,1,3,2,3,3,3,,,1,1,,1,1,,1,3,4,63
636,2,1,1,1,1,3,6,3,2,1,,2,1,2,,1,2,2,6,32
1028,1,,1,5,2,2,5,4,2,,1,,,1,3,,1,1,3,22
459,1,2,3,5,2,1,2,3,1,1,,,1,2,,2,,1,5,39
330,1,,1,5,2,1,,4,1,,1,1,,1,1,,1,1,6,27
350,1,2,3,5,4,1,3,5,2,0,,1,2,,,1,1,1,3,26
907,2,2,1,5,4,1,2,5,2,0,,1,1,1,,1,2,2,6,50
1185,2,1,1,1,1,3,5,4,1,1,,2,2,1,,1,2,2,7,63
1272,2,,2,5,1,3,2,5,2,,0,2,,1,2,,1,2,1,37
477,2,2,1,5,1,1,4,2,1,0,1,,1,1,2,2,1,2,,44
1793,2,2,1,3,11,1,5,4,1,0,,,1,1,,1,2,2,4,31
1099,1,1,1,3,2,1,7,5,1,1,,,2,1,3,1,2,2,,78
346,1,2,1,1,2,2,3,3,1,1,,,1,1,,2,1,,1,61
1399,2,,1,1,3,1,2,5,2,,1,1,,1,3,,1,1,1,45
1076,1,2,1,5,1,2,1,5,2,0,,1,1,1,,2,1,1,3,30
1336,1,1,1,1,1,1,6,2,1,1,1,,1,1,1,2,2,1,,62
1544,2,,3,5,2,3,6,2,1,,0,1,,1,1,,2,1,3,26
1144,2,,1,1,1,3,6,4,,,0,2,,1,2,,2,2,6,43
1350,1,1,1,1,1,2,,2,1,,,,2,1,,1,3,2,7,63
1295,2,2,2,2,1,1,1,2,,,,1,1,1,,1,1,1,1,72
700,1,2,1,3,4,1,,3,1,0,1,,2,2,1,2,3,2,,55
361,2,2,1,2,1,2,2,2,1,0,,2,1,1,,1,1,1,4,85
525,1,2,1,5,1,2,2,2,,0,1,,1,1,2,2,2,2,,30
1387,2,1,1,1,1,3,6,5,2,1,,2,1,1,,1,2,1,5,46
357,2,2,1,1,1,3,5,5,2,1,,2,1,1,,1,1,2,4,39
575,2,2,2,3,1,3,1,3,1,1,0,,1,1,1,1,2,2,,79
1461,1,,1,1,1,3,6,4,1,,1,2,,1,2,,1,2,7,39
953,2,2,1,4,4,2,1,5,2,0,,1,2,1,,1,3,1,1,47
1063,1,,1,5,4,1,3,5,2,,0,1,,1,,,1,1,1,64
783,1,2,1,1,2,3,5,3,2,1,0,,1,1,2,,2,2,,87
1068,1,2,2,3,1,3,1,2,2,1,,2,1,1,,1,2,1,1,51
120,2,2,1,2,2,2,4,3,1,,0,,1,1,,1,1,,,69
291,2,,2,4,1,3,1,3,2,,0,2,,2,1,,2,3,1,36
1103,1,2,1,5,1,1,4,4,,0,,,1,1,,1,1,2,5,32
1222,2,2,1,1,1,3,1,5,1,0,,1,1,1,,1,1,1,1,67
1179,1,3,1,1,4,1,5,3,1,1,0,,2,1,,2,2,3,,68
307,1,2,1,1,4,1,1,5,2,0,1,,2,1,1,1,2,3,,46
1767,1,1,1,1,4,1,2,2,1,1,0,,2,1,2,1,2,,,65
978,2,1,1,1,1,3,7,2,1,1,,1,2,1,,3,2,,7,38
1542,2,2,1,1,2,3,4,2,1,0,0,,2,2,2,2,2,2,,29
685,2,2,3,1,2,3,4,2,1,1,0,,1,2,2,1,2,,,43
1485,2,,1,5,1,2,7,4,1,1,0,,2,1,2,1,1,3,,45
55,1,2,1,1,3,2,3,5,1,0,,1,1,1,,2,1,1,3,46
1117,1,1,1,3,4,1,1,5,2,0,1,,1,1,1,2,1,1,,53
1224,2,,1,1,11,1,3,2,1,,1,1,,1,1,,2,1,4,40
1589,2,,1,3,1,2,6,2,1,,1,1,,1,1,,2,3,5,25
1200,2,2,1,2,2,2,1,3,,1,0,,1,2,2,1,2,2,,64
106,1,2,3,5,2,1,6,5,1,0,1,,2,1,3,2,2,1,,26
686,2,2,3,4,2,3,1,4,2,1,,2,1,2,,1,3,2,3,57
1547,1,,1,5,1,1,3,2,1,,0,1,,1,3,,1,2,2,24
397,1,,3,3,5,2,5,4,1,,1,2,,1,3,,1,1,7,55
1749,2,1,1,3,11,2,6,2,1,0,,,1,2,,1,1,2,4,32
1740,2,,1,3,11,3,6,2,1,,0,2,,1,2,,1,1,4,37
1153,1,2,1,1,1,3,5,3,1,1,0,,2,1,2,1,1,3,,36
637,2,2,1,1,1,1,4,3,,,0,,1,2,2,1,2,,,53
1203,1,1,1,5,1,2,6,2,1,1,0,,1,1,2,2,3,2,,29
608,2,2,1,1,1,3,1,3,1,0,1,,1,1,2,1,2,2,,30
1105,1,,1,2,1,3,2,2,1,,1,2,,1,1,,1,2,3,61
1453,2,1,1,1,2,3,7,4,1,1,0,,1,1,3,1,2,2,,60
147,2,,1,1,2,3,2,2,2,,0,2,,1,1,,2,3,1,61
452,1,2,2,5,4,1,2,2,1,0,,1,1,1,,3,2,2,4,46
1083,2,,1,1,4,1,4,4,,,1,1,,1,2,,1,1,1,33
356,2,,1,4,1,2,4,2,2,,1,1,,1,3,,2,2,4,32
742,1,2,3,1,7,1,3,5,1,1,,2,1,2,,1,2,1,3,31
1259,2,2,2,3,1,1,1,4,1,1,,2,1,1,,1,2,1,4,60
246,1,1,1,5,5,1,3,2,,0,,1,1,1,,2,2,2,6,24
287,2,2,1,2,3,3,6,4,1,1,,1,1,1,,1,2,1,2,65
825,2,1,1,1,1,3,6,4,1,0,1,,1,1,2,1,1,1,,42
832,1,2,2,1,4,2,3,4,1,1,,1,2,1,,1,2,1,1,50
1138,2,2,1,1,1,3,2,4,2,0,,2,1,1,,1,2,2,5,43
741,2,2,1,1,2,3,2,4,2,0,0,,1,2,2,1,2,2,,29
462,2,,1,3,1,1,3,4,2,,1,1,,1,3,,2,1,1,57
313,1,1,1,1,1,2,4,5,1,0,,1,1,1,,1,2,1,4,63
1223,1,1,1,1,2,1,6,4,1,1,0,,2,1,2,1,1,2,,88
46,2,,1,1,3,1,2,4,1,,0,1,,1,2,,1,1,4,73
173,2,2,3,5,4,1,4,2,2,0,,1,2,,,1,2,1,5,21
1452,2,2,1,3,1,3,6,2,,1,,2,1,1,,2,2,1,4,85
1713,2,2,1,1,5,1,2,3,1,0,1,,1,1,1,2,2,1,,49
1615,1,,3,3,4,1,,2,1,,1,1,,2,3,,1,1,7,48
1580,2,1,1,1,2,3,6,4,2,1,0,,2,1,2,1,2,2,,46
1517,2,2,2,5,2,3,1,2,2,,,,1,1,2,1,1,1,,53
693,1,1,1,1,11,3,7,2,1,1,0,,2,1,2,1,1,2,,57
43,2,,1,3,3,1,3,5,1,,1,2,,1,1,,1,1,5,51
586,1,1,2,3,11,2,3,4,1,1,,1,2,1,,3,1,1,2,45
793,2,2,1,1,1,2,3,2,2,,1,,2,1,3,1,3,2,,34
1217,2,3,1,1,11,1,7,3,1,1,1,,2,1,3,1,1,2,,60
715,1,,1,1,4,1,2,2,2,,1,,,1,2,,1,2,3,84
252,2,2,1,1,1,3,2,4,2,1,,2,1,1,,2,2,1,5,53
447,1,1,2,3,1,2,1,2,2,1,1,,1,1,1,1,2,2,,50
137,2,,2,5,1,2,1,2,2,,1,1,,1,1,,1,2,2,36
317,2,1,2,4,4,1,3,4,,0,,,1,1,,1,1,1,4,48
905,1,,1,5,5,1,3,2,1,,1,1,,1,1,,1,1,2,32
1198,1,2,2,5,1,3,1,2,2,1,0,,1,1,1,1,2,2,,29
913,2,2,3,3,1,2,7,3,1,1,,1,1,1,,1,2,1,1,49
1883,2,1,2,1,1,2,1,2,2,0,0,,1,1,1,1,1,,,47
52,2,,3,1,2,3,2,4,2,,0,2,,,1,,2,1,3,42
156,2,,1,2,1,3,2,2,2,,0,2,,1,1,,2,1,3,66
729,1,2,1,5,4,1,2,2,1,0,,2,1,,,1,2,1,5,20
746,2,2,1,2,1,2,4,4,1,0,,1,1,1,,2,2,1,2,64
1521,1,1,1,5,2,1,7,2,1,0,1,,2,1,3,2,1,1,,23
414,2,,1,1,4,1,1,4,2,,1,2,,1,3,,2,2,2,59
1732,2,2,1,1,2,1,2,4,1,0,,1,1,1,,2,1,1,5,71
405,1,2,3,1,2,3,2,4,2,0,,1,2,1,,1,1,2,3,49
1095,2,,2,4,1,3,1,4,2,,0,1,,1,2,,3,1,4,30
187,1,1,1,1,4,1,4,4,,0,1,,1,1,3,1,1,1,,56
1114,2,1,1,1,1,1,7,3,1,1,1,,1,2,2,3,2,2,,32
359,1,2,1,1,4,1,4,4,,0,,1,2,1,,2,1,2,4,35
284,2,2,1,1,2,1,6,2,1,0,1,,1,1,1,1,1,2,,61
1029,1,2,1,5,1,1,4,4,2,0,0,,1,2,2,3,2,3,,60
1201,2,2,1,1,1,2,3,3,1,,,2,1,2,,1,,1,5,41
1854,2,2,1,2,1,3,7,4,2,1,0,,1,1,2,1,1,1,,82
756,2,,1,1,1,3,2,2,1,,0,2,,1,1,,2,2,3,45
1837,1,2,1,5,11,3,1,3,2,0,,1,2,1,,1,3,1,1,36
1288,2,,2,2,2,3,2,5,1,,0,,,1,2,,1,2,4,82
1846,2,,1,5,1,2,2,2,2,,0,2,,1,2,,2,2,3,28
1291,2,1,1,3,1,2,4,2,1,1,,2,2,2,,1,3,1,5,47
125,2,,1,4,2,2,5,5,1,,1,1,,1,3,,1,1,5,66
99,1,2,3,3,4,2,3,4,2,0,1,,1,2,1,1,2,2,,41
492,1,1,2,1,1,2,2,5,1,1,0,,2,1,2,1,2,2,,31
392,1,2,2,5,4,2,1,2,1,0,1,,1,1,3,1,3,2,,23
1758,1,,3,5,2,3,6,5,2,,0,2,,2,2,,2,2,3,32
1421,2,1,1,1,2,2,7,4,1,0,,1,2,1,,1,3,1,7,48
990,2,1,1,1,1,3,5,2,2,1,0,,2,1,3,1,2,1,,23
1132,2,2,2,1,1,3,1,2,2,1,,2,1,1,,1,2,1,5,63
1077,2,1,1,1,1,3,6,4,1,0,1,,1,1,,1,3,3,,51
670,2,,1,5,2,3,1,2,1,,1,1,,1,2,,2,2,1,41
1788,1,2,1,1,1,3,6,4,1,1,0,,1,1,2,3,2,1,,36
267,2,1,1,1,1,3,6,4,1,1,0,,1,1,2,1,1,2,,47
458,1,,1,1,2,3,7,2,1,,0,2,,1,3,,3,3,6,51
592,1,,2,5,4,1,1,3,2,,1,1,,1,2,,1,1,3,29
1088,2,2,1,1,2,1,3,2,1,1,,2,1,2,,1,3,,1,30
1137,2,1,1,1,1,2,6,3,1,1,,1,1,1,,1,1,2,4,27
584,1,,1,1,2,3,7,5,2,,0,2,,1,2,,1,1,5,52
470,2,2,3,1,1,2,2,5,1,1,,1,1,2,,2,1,1,4,48
884,1,1,1,5,1,2,6,4,2,1,,2,2,1,,1,1,1,6,37
382,1,,3,1,6,1,6,2,1,,1,2,,,1,,2,1,3,34
1933,2,1,1,2,4,1,6,5,1,0,1,,2,1,2,1,1,1,,70
975,1,,1,1,1,3,6,4,1,,0,2,,1,2,,1,3,7,65
1486,2,1,1,1,1,2,7,4,1,0,,1,1,1,,1,3,2,7,64
1671,2,,1,3,4,1,1,3,2,,1,1,,1,1,,1,,5,37
172,2,2,1,5,4,1,6,3,1,0,1,,1,2,2,1,3,1,,24
488,2,,2,5,2,1,2,5,2,,,2,,1,2,,3,,3,47
787,2,1,1,3,1,1,7,2,1,0,,1,1,1,,2,1,1,7,55
1786,1,,1,5,4,1,2,4,,,1,1,,1,2,,1,1,7,30
465,2,2,3,1,8,2,4,4,2,,,2,1,,,1,2,,4,38
213,1,2,2,5,1,3,1,4,2,1,,1,1,1,,1,2,2,6,30
705,2,2,1,1,4,1,1,5,2,0,1,,1,1,3,1,1,2,,54
1866,1,1,1,1,1,3,6,5,2,1,0,,2,1,2,1,3,2,,71
1570,2,2,1,5,4,1,1,3,2,0,,1,1,1,,1,2,2,1,25
1868,2,,1,5,11,2,3,4,1,,1,1,,1,1,,1,1,2,33
1274,2,2,1,1,1,3,1,5,1,0,,,2,1,,2,1,2,4,37
772,1,2,1,5,2,2,1,2,1,1,,1,2,1,,1,2,2,4,24
1316,1,2,1,5,4,3,2,4,2,0,1,,1,1,3,2,1,2,,26
1875,2,,1,1,1,1,1,3,2,,1,1,,1,1,,1,1,1,56
327,2,2,2,5,1,2,2,4,1,0,1,,1,1,3,3,1,1,,44
34,1,2,3,1,7,2,4,4,2,0,,2,,,,1,1,3,5,40
1097,2,2,1,1,2,1,,4,1,1,1,,1,1,2,1,2,2,,40
1289,2,1,2,3,1,3,2,5,1,1,,2,1,1,,2,1,1,5,59
215,2,,1,1,2,1,3,5,2,,1,2,,1,2,,2,2,3,65
1803,2,2,1,5,2,2,2,4,1,0,1,,1,1,3,1,1,2,,26
1264,1,,1,3,1,3,6,2,1,,0,1,,1,1,,2,1,4,46
160,1,,1,5,4,1,4,2,1,,1,2,,2,3,,3,2,1,31
1647,2,2,1,1,2,1,2,4,1,0,1,,2,1,2,1,2,1,,51
872,1,,1,5,4,2,1,2,1,,1,1,,1,2,,2,2,5,45
1957,1,,1,3,1,1,1,4,1,,1,2,,1,1,,1,1,2,42
1508,2,2,2,1,1,2,1,4,2,1,,1,1,1,,1,1,1,1,69
1496,1,2,1,5,4,1,3,4,1,0,1,,1,1,1,1,1,1,,34
186,2,,1,5,1,2,1,4,2,,0,2,,2,2,,2,,2,22
1227,1,1,3,1,2,1,4,3,1,1,,1,1,1,,2,2,3,1,39
694,2,,1,1,1,3,3,2,1,,0,2,,1,1,,1,2,4,67
328,1,2,1,5,1,2,6,4,1,1,,2,1,1,,1,1,1,6,25
682,1,1,2,1,1,3,3,4,1,1,,2,1,1,,3,1,1,4,64
1659,1,,1,5,1,3,7,4,1,,,2,,1,,,1,3,7,61
1273,2,2,1,2,2,3,1,2,2,0,1,,1,1,3,2,1,2,,
1016,2,2,1,5,2,1,3,2,2,0,1,,2,,1,2,2,2,,21
886,1,,1,5,1,1,7,2,1,,1,,,1,1,,2,2,7,32
1965,2,,1,1,4,1,1,5,2,,1,1,,1,3,,1,2,2,65
432,2,,1,1,1,1,1,4,1,,1,,,1,3,,1,,2,50
389,2,2,1,3,1,2,,4,2,0,1,,1,1,1,2,1,2,,78
296,1,2,2,5,1,1,4,2,2,1,1,,1,2,2,1,3,3,,25
852,1,,1,3,4,2,4,4,,,1,1,,1,3,,1,2,6,36
70,2,2,1,2,2,2,4,2,1,0,,1,2,1,,3,1,3,3,51
360,1,2,1,5,4,1,1,4,2,0,1,,1,1,,,1,1,,64
1718,2,1,3,1,1,3,6,2,1,1,,2,1,1,,1,1,2,4,79
1610,2,2,3,5,5,1,6,2,1,0,,2,1,2,,1,2,1,3,25
1266,1,2,1,1,1,2,6,4,1,,0,,1,1,2,2,2,3,,43
251,2,2,1,5,11,1,4,3,2,,0,,2,1,3,2,,1,,55
66,2,2,2,5,1,3,4,2,1,1,,1,1,,,1,1,1,1,21
232,2,,2,1,1,3,2,4,2,,0,2,,1,1,,2,2,1,26
1782,1,1,1,3,11,1,6,2,1,0,1,,2,2,3,1,1,2,,38
1941,2,2,1,3,2,1,2,2,2,0,,1,1,1,,1,1,1,1,44
1300,2,2,1,1,1,2,5,4,1,1,,2,1,1,,1,2,2,6,65
262,1,2,1,1,1,1,6,4,1,1,,1,1,,,1,2,1,4,55
759,1,,2,1,1,1,1,2,1,,1,1,,1,2,,2,1,3,44
1567,2,,3,1,4,1,4,2,1,,0,2,,,1,,2,3,2,21
121,1,,1,1,10,3,6,5,1,,1,1,,1,3,,1,2,7,71
1253,1,,1,1,1,2,7,4,2,,1,2,,1,2,,2,2,3,52
372,2,2,1,1,1,1,4,4,2,0,1,,1,1,2,2,1,2,,65
1169,1,1,1,1,1,3,2,4,1,1,,1,1,1,,3,1,1,2,62
26,2,2,1,1,10,2,2,4,1,,,2,1,1,,2,2,2,7,42
1971,2,2,3,5,2,3,1,2,2,1,,1,1,1,,1,3,2,1,53
45,1,2,1,1,3,1,6,4,1,0,,1,1,1,,2,1,2,6,44
827,1,1,1,5,2,1,1,2,1,1,1,,1,1,3,3,1,1,,26
595,1,2,1,1,2,2,1,3,1,1,1,,1,1,3,1,1,,,49
829,2,,2,1,11,3,1,3,2,,0,2,,1,2,,2,2,2,45
51,1,2,1,3,2,3,4,4,2,0,,1,1,1,,2,1,,3,57
91,2,2,3,1,1,3,1,5,2,1,0,,1,1,1,1,1,1,,54
1536,2,1,1,1,1,1,5,3,1,1,,2,1,1,,1,1,3,7,59
1958,2,1,1,1,4,1,,5,1,1,,2,2,1,,1,2,2,7,36
259,2,,1,1,2,2,5,4,1,,0,1,,1,2,,2,2,7,73
582,1,,1,5,4,1,3,4,2,,1,1,,1,3,,1,1,5,66
830,2,2,2,5,11,2,1,3,2,0,,1,1,1,,1,2,2,1,33
1475,1,1,1,3,1,1,7,2,1,1,1,,1,1,3,1,2,3,,65
910,2,2,1,3,2,3,2,2,2,0,,1,1,1,,1,1,1,2,35
18,2,,2,3,1,2,3,2,2,,1,1,,1,1,,1,3,1,47
297,1,1,1,1,1,1,5,5,1,1,,1,,1,,2,2,2,,81
472,2,,2,3,1,1,2,3,,,1,1,,1,2,,2,1,5,54
355,1,1,1,1,5,1,5,2,2,0,1,,1,1,1,1,2,1,,27
941,1,1,1,5,4,1,4,4,1,0,,1,2,1,,1,2,1,5,32
967,2,2,1,1,1,3,1,4,1,1,,2,2,1,,1,3,1,1,29
1639,2,1,1,5,4,1,2,2,2,0,,,1,,,2,1,2,2,19
331,2,1,1,5,4,1,6,4,1,0,1,,1,1,3,2,2,,,28
671,1,2,2,1,1,3,3,2,2,0,,2,1,2,,2,2,2,3,36
1759,2,1,1,1,1,3,6,2,1,1,,2,2,1,,1,2,2,7,36
112,1,1,2,1,1,1,1,4,1,0,,1,1,1,,1,2,2,1,71
805,1,,3,1,4,1,4,5,2,,0,1,,2,2,,2,2,3,60
1240,2,1,1,1,1,2,6,5,2,1,0,,1,1,2,1,1,2,,70
1963,1,1,3,2,1,2,2,2,2,1,0,,1,2,1,1,1,2,,50
744,1,1,1,1,1,2,7,2,1,1,1,,1,1,2,3,1,1,,41
1413,2,1,1,1,1,3,7,4,1,0,1,,1,1,2,1,2,2,,41
690,1,2,1,5,2,1,3,2,1,0,,2,1,2,,2,2,1,4,23
1351,2,,1,1,1,3,6,4,1,,0,2,,1,,,1,1,3,42
994,2,,1,5,4,1,2,4,1,,1,1,,2,1,,1,2,1,45
384,2,2,1,2,1,1,4,2,2,0,1,,1,2,1,3,2,2,,64
679,2,2,1,3,1,1,2,5,1,0,1,,1,1,3,1,2,2,,45
1511,2,2,1,3,4,1,3,5,2,0,1,,1,1,3,1,1,1,,66
204,2,1,1,1,2,1,6,4,1,0,,2,2,1,,1,3,1,6,25
851,2,1,1,5,4,2,5,4,1,0,,1,2,1,,1,2,2,6,22
1841,1,,1,5,4,1,3,4,2,,1,1,,1,1,,1,2,3,29
126,2,2,1,1,1,3,1,4,2,1,,2,1,1,,3,1,1,1,36
381,1,,3,5,4,1,2,4,2,,1,1,,1,2,,2,2,5,25
1646,2,2,1,5,4,1,2,2,1,0,1,,1,,2,1,2,1,,19
48,1,,1,1,3,1,4,5,1,,1,1,,1,3,,1,2,6,68
440,2,1,1,2,1,2,3,2,2,0,,2,2,1,,1,2,1,4,72
722,1,1,2,4,2,2,4,2,1,0,,1,1,2,,2,1,3,1,65
443,1,,2,1,1,2,2,2,2,,0,1,,1,2,,2,3,2,34
1419,1,,1,5,4,1,3,2,1,,1,1,,1,1,,2,1,3,33
501,1,,1,1,2,3,7,5,1,,0,2,,1,2,,2,2,7,75
669,1,2,1,3,1,2,7,4,1,0,,1,1,1,,1,1,1,6,51
1197,2,3,1,3,1,3,6,2,2,1,0,,1,2,2,1,2,2,,41
185,2,,2,1,1,3,2,4,1,,0,,,1,2,,1,1,3,34
386,2,2,1,1,4,1,3,4,2,0,0,,2,1,3,2,1,1,,43
1887,2,,2,2,2,3,1,5,2,,1,2,,1,1,,3,3,2,66
836,2,,1,5,2,1,2,2,1,,0,2,,,1,,3,2,4,19
1870,2,1,1,1,1,3,3,3,1,1,,1,2,1,,2,2,2,2,44
1018,2,,1,5,4,1,1,4,2,,1,1,,1,3,,1,2,2,34
1064,1,1,1,1,11,3,5,3,1,1,0,,1,1,2,1,2,3,,63
33,1,,1,1,4,1,1,5,2,,1,,,1,3,,2,1,1,73
574,1,2,1,1,2,2,6,4,1,0,,,1,1,,1,2,2,7,34
23,1,,1,1,1,3,4,3,1,,1,1,,2,3,,1,2,6,54
984,2,2,1,1,1,1,7,2,2,1,,1,1,1,,1,2,2,6,55
734,2,,1,3,1,1,2,5,1,,1,2,,1,1,,2,1,2,28
304,1,2,1,1,2,2,3,4,,0,,1,1,1,,1,1,2,3,39
1960,1,2,1,1,1,1,1,4,1,0,,1,1,1,,2,1,1,1,63
1478,1,,1,5,4,1,1,4,2,,1,1,,1,3,,1,2,2,27
540,2,1,1,1,1,2,6,5,1,0,1,,1,1,3,1,2,3,,45
1021,2,2,1,5,4,1,3,4,2,0,1,,1,1,3,1,2,1,,28
1894,1,2,2,5,4,2,1,2,,1,,2,1,1,,1,,,1,23
1386,1,,2,5,1,2,1,3,2,,1,1,,,1,,2,2,7,31
44,2,2,1,3,2,3,3,4,2,0,,2,1,1,,1,2,2,5,57
1047,1,1,1,5,4,1,4,3,1,,1,,2,1,,2,1,1,,33
815,2,,1,1,1,3,7,4,1,,1,2,,1,3,,2,1,3,45
239,1,2,3,1,2,3,2,2,1,0,,2,1,1,,1,1,1,1,61
611,2,,1,2,2,1,3,5,1,,1,2,,1,1,,1,2,7,78
1069,2,2,2,5,1,3,1,3,1,1,0,,1,1,1,1,3,1,,37
1297,1,2,1,1,1,1,4,4,2,1,,2,1,1,,1,1,3,6,54
1078,2,2,1,1,2,3,6,5,1,0,,1,2,1,,1,1,1,6,31
493,2,,1,5,5,1,3,2,1,,1,2,,2,1,,2,2,4,22
352,2,2,1,3,6,3,3,5,2,0,,1,1,1,,2,1,,1,55
545,2,1,2,5,1,2,3,4,1,1,,1,1,1,,2,2,2,4,58
1668,2,,1,2,4,2,4,4,2,,1,1,,1,1,,3,3,2,62
29,2,,2,2,2,3,1,4,1,,,1,,1,1,,1,1,4,81
954,2,,3,3,11,3,7,5,1,,0,2,,1,2,,3,3,5,41
947,1,1,2,1,2,2,5,4,1,0,1,,1,1,2,1,1,1,,44
531,1,1,3,5,11,3,2,4,1,1,,1,1,1,,1,2,1,4,31
1848,1,1,1,5,4,1,2,2,1,1,,1,2,1,,2,1,1,1,26
1392,1,,1,1,4,1,6,2,2,,1,2,,2,2,,1,1,2,57
107,2,2,1,1,3,1,1,5,2,0,,,1,1,,1,1,1,2,47
289,2,2,2,1,1,3,4,3,,0,,2,1,1,,1,2,3,5,45
319,1,2,2,1,1,3,1,2,2,1,,2,1,1,,2,2,2,3,31
272,2,2,1,3,1,3,5,2,2,1,1,,1,1,2,3,1,2,,68
351,2,2,1,3,2,2,1,2,1,0,1,,1,1,3,1,2,2,,41
1017,2,2,1,3,1,1,4,5,1,0,1,,1,1,1,1,2,1,,34
1123,1,,3,1,1,3,6,5,1,,1,2,,,2,,2,3,3,32
253,1,2,2,5,1,2,2,2,1,1,1,,1,1,1,1,1,2,,62
314,1,2,1,1,4,1,3,5,1,0,1,,1,1,1,2,1,1,,55
1258,2,,2,1,1,2,2,5,1,,1,1,,1,1,,2,1,2,41
189,1,2,3,1,2,3,6,4,1,0,,2,2,1,,1,1,2,5,39
1362,1,,1,5,6,1,2,4,2,,1,2,,2,1,,2,2,2,25
655,2,,1,1,1,2,6,4,1,,1,2,,1,1,,2,2,2,45
227,1,1,2,1,4,1,1,5,1,1,1,,1,1,3,1,1,2,,64
111,2,2,2,1,1,2,1,2,1,0,,1,1,1,,2,1,1,3,46
1728,2,2,1,1,1,2,7,3,1,1,0,,2,1,2,1,1,2,,32
616,2,1,1,1,1,2,2,4,1,0,1,,1,1,2,1,3,2,,35
823,2,2,2,3,1,2,2,3,1,1,,2,1,1,,1,3,1,3,64
1575,2,,1,1,1,1,7,2,1,,1,2,,1,1,,2,1,7,65
1710,2,2,1,5,2,2,4,2,1,0,,1,1,2,,1,3,2,4,24
1729,2,2,1,1,11,2,3,5,1,0,,2,1,1,,1,2,2,3,39
1653,2,1,1,1,1,3,2,5,1,0,0,,2,1,3,1,1,1,,65
71,1,2,3,5,4,1,2,4,1,0,1,,1,2,2,2,2,1,,28
118,2,,1,1,4,1,7,5,1,,1,2,,1,1,,1,1,6,40
1275,2,2,2,1,1,3,2,5,2,1,,2,1,1,,2,2,1,7,47
333,2,2,1,1,2,2,3,5,2,0,,1,1,1,,3,2,2,1,48
310,2,1,2,3,1,3,1,4,1,1,,1,1,1,,2,1,2,3,53
1573,2,2,1,1,2,1,6,2,2,1,,2,1,,,1,1,2,1,26
282,1,2,1,4,1,1,4,5,,,1,,1,1,1,2,1,1,,49
892,2,2,2,5,4,3,4,2,1,1,,2,1,2,,1,3,2,5,30
1159,2,,2,5,1,2,4,3,1,,1,2,,2,3,,3,1,1,27
208,2,3,1,5,1,2,5,5,2,1,,2,2,1,,1,3,3,6,62
1955,1,,1,2,1,1,5,3,1,,1,,,1,2,,1,2,5,74
166,2,2,3,5,3,1,3,2,1,0,1,,1,,3,1,3,1,,18
1724,2,1,1,5,2,1,1,5,2,0,1,,1,1,3,3,1,1,,74
754,2,,1,1,11,3,7,4,1,,0,2,,1,2,,,1,7,56
1150,2,,3,1,7,2,1,5,2,,0,2,,,2,,2,2,1,30
1953,2,,1,3,11,2,4,3,1,,1,2,,1,,,3,3,2,62
1333,1,,1,3,4,1,3,5,1,,1,1,,1,1,,1,1,1,74
86,2,2,1,1,1,1,1,5,2,1,,2,1,,,1,1,2,3,30
894,2,2,1,1,2,2,6,2,1,0,,1,1,1,,1,1,2,7,48
1357,1,,1,1,2,3,1,4,2,,0,2,,1,2,,2,2,6,51
897,1,,1,1,11,1,3,2,1,,0,1,,2,2,,2,1,5,37
264,1,2,1,1,1,3,,4,1,0,1,,1,1,2,2,1,1,,43
275,2,2,1,1,1,3,,4,,1,,2,,2,,1,1,1,,74
1395,1,2,1,1,2,2,2,4,1,0,0,,1,1,3,1,1,1,,41
1972,1,1,1,1,2,3,5,2,1,1,1,,2,1,1,1,2,2,,48
697,1,,1,1,,1,5,2,1,,0,1,,1,2,,3,1,7,42
427,2,,1,1,1,2,7,2,1,,0,1,,,2,,1,2,5,70
603,2,2,1,1,4,1,4,2,2,0,,2,1,,,2,1,,3,35
1462,1,2,1,1,1,1,7,2,1,1,,2,1,1,,1,2,1,2,42
1434,1,2,1,1,1,3,5,4,1,,,1,1,1,,1,1,2,5,45
1030,2,2,1,5,2,1,2,4,,1,,1,1,1,,2,1,3,1,61
1513,2,1,1,3,1,1,7,3,1,1,0,,2,2,3,3,3,3,,45
1645,2,,1,5,4,1,2,3,2,,0,1,,1,3,,2,2,2,23
1908,2,2,2,5,1,2,1,2,2,0,,2,1,1,,1,2,1,1,52
1543,1,2,2,1,1,3,4,4,1,1,0,,1,2,2,1,2,3,,51
388,2,2,1,5,2,1,2,2,2,0,,2,1,1,,1,1,1,3,25
1402,2,1,1,5,4,1,4,5,2,0,,1,2,1,,1,1,2,3,46
1359,1,1,1,1,2,3,1,2,2,1,1,,1,1,2,2,2,2,,70
604,1,2,3,5,2,1,1,2,2,0,0,,2,1,1,1,2,2,,24
539,2,1,1,1,1,2,6,3,,1,,1,2,1,,1,2,2,7,30
1361,2,2,1,5,2,3,4,2,1,0,,1,2,1,,1,1,,3,25
1783,1,2,1,1,11,3,,4,1,1,0,,2,1,2,1,2,3,,39
597,1,,1,5,4,1,1,4,1,,1,1,,1,2,,1,1,2,56
801,2,,1,1,4,1,6,2,1,,1,2,,1,2,,3,3,4,45
234,2,2,2,5,1,2,1,2,2,1,,2,1,1,,2,2,2,5,61
1706,1,,1,1,1,3,7,5,1,,0,2,,1,2,,2,2,7,50
84,2,2,3,3,4,1,1,5,1,0,,2,1,1,,1,2,1,3,49
161,2,2,3,1,9,1,4,4,1,1,,2,1,,,1,2,,4,29
1604,1,2,1,1,4,1,3,5,2,1,0,,2,1,1,1,3,1,,48
1622,2,1,1,1,4,1,6,4,1,0,1,,1,1,2,1,2,3,,36
1301,2,,1,1,1,3,7,4,1,,0,2,,1,2,,1,,5,33
1111,1,1,1,1,1,1,6,4,1,0,1,,1,2,2,1,1,1,,62
1195,1,2,2,5,1,2,1,4,,0,1,,,1,,1,2,2,,28
1220,1,1,1,5,4,2,7,4,1,,0,,,1,3,1,2,2,,31
797,1,2,3,1,11,3,7,3,1,,1,,1,1,3,2,1,1,,51
961,1,,1,5,4,1,,4,2,,1,1,,1,1,,2,3,7,38
294,1,,2,3,1,2,1,2,2,,1,2,,1,1,,1,1,1,64
750,2,1,1,5,1,2,2,4,1,0,,2,2,,,1,2,3,7,54
1050,2,2,2,5,1,2,4,2,2,0,1,,1,2,2,1,2,,,59
1230,1,,1,1,1,3,1,4,1,,0,2,,1,2,,1,1,5,63
1231,1,2,2,5,1,1,2,2,,1,,,2,1,,1,3,2,2,31
1062,1,1,1,1,2,1,5,2,1,,0,,1,1,,1,1,,,57
64,2,2,2,5,2,3,2,4,2,0,,,1,1,,1,2,2,3,45
1181,2,,1,1,1,2,7,2,1,,1,1,,1,3,,2,1,7,52
799,2,2,1,2,2,3,1,4,1,0,,1,1,1,,1,1,2,1,81
1349,2,2,1,2,2,3,4,2,1,1,0,,1,1,2,2,3,2,,80
394,1,2,1,1,4,1,4,3,,0,,,1,1,3,2,2,2,,41
1129,2,,1,2,1,3,7,3,,,0,2,,2,1,,2,3,1,72
1858,1,,1,1,1,3,7,4,1,,0,2,,1,3,,1,1,6,78
56,2,2,3,1,5,1,4,5,2,,0,,1,,1,1,2,3,,51
1558,1,2,1,1,1,3,6,5,1,1,,,2,1,,1,2,2,4,58
1489,2,2,1,1,4,1,4,2,1,0,,1,1,,,1,1,2,1,21
1278,2,,2,2,1,3,1,2,,,1,2,,1,,,1,,3,71
401,1,2,1,1,1,3,6,4,,1,0,,1,1,2,2,1,2,,35
110,1,,1,5,2,1,2,4,1,,0,1,,1,2,,2,1,3,43
1131,1,,1,2,1,3,,5,2,,0,2,,1,3,,1,2,4,89
487,2,,1,2,4,1,1,2,,,0,1,,1,1,,2,2,3,64
1315,2,,1,2,1,1,6,4,1,,1,1,,1,2,,2,2,5,87
1964,2,2,1,5,4,1,4,2,,0,1,,1,2,3,1,2,,,23
144,2,2,3,2,11,3,6,3,2,1,,2,1,1,,1,2,,3,67
1347,2,,1,1,1,3,7,2,1,,0,2,,1,2,,1,2,7,76
12,2,,2,5,1,1,2,4,2,,1,1,,2,1,,1,2,1,36
765,2,3,1,1,1,1,6,2,1,,1,,1,1,2,1,2,1,,75
615,1,,3,1,2,3,1,2,1,,0,,,2,2,,2,2,4,66
1405,1,,1,3,4,1,7,3,1,,1,1,,1,1,,1,1,7,34
468,1,,3,5,7,1,3,5,2,,0,2,,2,,,1,2,7,29
367,2,,1,3,4,1,3,3,,,0,1,,1,3,,3,1,5,34
1004,1,,1,5,4,1,3,2,1,,1,2,,1,3,,1,2,3,57
1327,1,,1,3,2,2,6,2,1,,0,1,,1,3,,2,1,7,57
1552,1,1,1,1,1,3,6,4,1,1,,2,1,1,,2,1,2,7,55
629,1,1,1,5,5,1,4,4,2,0,,1,2,1,,2,,1,4,49
292,2,2,2,1,1,3,4,5,,1,,2,1,1,,2,1,2,1,43
1576,1,2,3,4,4,1,5,2,1,0,,1,1,1,,1,1,2,2,35
627,1,,1,5,4,1,3,4,2,,1,1,,1,1,,1,1,2,28
725,1,2,1,5,4,1,3,2,2,0,,1,1,1,,1,1,1,2,38
343,2,2,1,1,2,3,1,5,1,0,1,,1,1,3,2,1,1,,45
1531,2,,1,2,1,3,5,3,1,,0,2,,1,2,,3,2,7,89
1307,1,1,2,1,1,3,1,2,2,0,,2,1,1,,1,1,1,1,60
1332,1,1,1,1,2,2,6,4,1,1,,2,2,1,,2,1,1,7,44
1959,2,2,1,1,1,1,2,5,2,0,1,,1,1,2,1,1,,,50
169,1,,3,5,2,2,6,4,2,,,2,,1,3,,2,1,3,24
42,2,,1,3,4,1,2,2,2,,1,2,,1,3,,1,1,3,69
1031,2,2,2,1,1,2,2,4,1,0,1,,1,2,3,1,2,2,,31
867,1,2,1,1,1,3,7,4,1,1,0,,2,2,3,1,2,3,,31
602,1,,1,1,2,3,4,5,2,,0,2,,1,2,,1,1,6,37
1737,2,,1,2,1,3,7,2,1,,0,2,,1,2,,2,2,7,75
105,1,,1,5,4,1,1,2,,,0,,,1,,,1,1,1,24
1735,2,,1,3,1,2,2,2,1,,0,2,,2,1,,2,2,1,52
102,2,2,1,5,1,2,1,4,,0,0,,1,1,1,2,1,1,,75
316,1,1,1,1,1,3,6,5,1,1,0,,2,1,3,1,1,1,,77
1024,1,2,1,4,1,3,3,5,2,0,,1,1,1,,2,1,1,4,62
338,1,1,1,1,1,2,,3,1,0,1,,1,1,,1,1,1,,41
1555,2,1,1,5,2,1,4,2,1,0,1,,2,,1,1,1,2,,20
1703,2,2,1,1,2,1,4,2,1,0,,2,1,2,,1,3,2,1,31
65,1,2,2,1,1,3,1,4,2,1,1,,1,1,1,1,2,2,,35
1940,2,,1,1,1,1,4,3,1,,1,1,,2,1,,2,2,3,32
326,2,2,1,5,4,1,1,2,2,0,,1,1,1,,1,2,2,3,33
1651,2,,1,5,4,1,2,2,1,,1,1,,2,1,,2,2,1,23
182,1,2,1,3,2,2,6,2,1,1,,2,1,1,,3,2,3,7,40
398,2,1,2,1,11,2,2,2,2,0,1,,1,1,2,1,1,1,,36
847,2,,1,5,4,1,2,2,1,,1,2,,1,1,,,2,2,23
1739,1,1,1,3,1,2,6,2,1,0,0,,1,2,2,1,1,1,,46
92,2,2,2,5,4,1,1,4,2,0,1,,1,2,3,1,1,2,,34
1366,2,2,1,2,4,1,1,5,2,0,,1,1,1,,2,1,2,7,88
745,2,,1,1,2,3,6,4,2,,0,2,,1,2,,2,2,7,30
1666,2,,1,5,4,1,2,2,1,,1,1,,1,2,,1,1,1,38
174,2,2,1,5,1,2,6,2,1,0,1,,1,1,3,1,2,1,,22
698,2,,1,5,4,1,2,3,1,,1,2,,2,1,,2,1,5,35
323,2,1,1,1,1,3,2,4,2,0,1,,1,,2,1,1,2,,38
970,2,2,1,5,4,1,3,2,2,0,,2,1,2,,3,2,3,4,26
855,1,,1,5,1,1,5,2,1,,0,1,,2,1,,1,2,5,46
624,2,2,1,3,4,1,2,2,1,0,,1,2,1,,2,1,2,1,67
340,2,,1,1,2,2,3,4,2,,1,2,,1,3,,1,1,5,46
1390,2,1,1,3,1,1,6,2,2,1,1,,1,1,1,1,3,1,,40
1173,2,2,1,1,2,3,7,4,2,1,,,1,1,,1,1,2,5,83
1320,1,,3,1,1,3,5,5,1,,0,2,,1,3,,1,2,2,68
593,1,1,1,1,1,2,3,3,1,1,1,,1,1,2,1,1,2,,58
1041,2,2,1,1,3,1,1,4,2,0,,,1,1,,1,2,,5,41
821,1,1,1,1,1,3,5,4,1,1,0,,2,1,3,1,1,3,,44
1036,2,1,1,1,1,3,4,5,2,1,,2,1,2,,2,1,2,4,39
599,2,,1,1,4,1,3,4,,,1,,,1,2,,1,2,4,35
1714,1,3,1,1,4,1,7,3,1,0,,1,2,1,,1,2,2,7,48
244,1,2,1,1,1,2,6,5,1,0,0,,,1,1,2,,1,,34
906,1,1,1,1,1,2,3,2,1,1,1,,2,1,3,1,2,1,,48
776,1,2,1,1,2,3,2,4,1,1,,2,2,,,1,2,,4,50
1771,1,1,1,1,2,2,7,3,1,0,,,2,1,,2,2,1,7,70
399,2,,1,2,2,3,4,2,2,,0,2,,1,3,,2,,4,87
1549,1,1,1,3,4,2,6,2,1,0,1,,2,2,3,1,2,2,,26
1723,2,2,1,1,1,2,1,5,2,0,1,,1,1,2,3,1,1,,52
30,2,2,1,4,11,3,6,2,,1,0,,1,1,2,1,1,2,,44
1191,2,,1,3,,1,6,2,1,,1,1,,2,1,,3,1,7,41
1574,1,,1,1,1,3,,5,1,,0,2,,2,2,,1,2,5,71
1279,2,1,2,1,1,3,1,5,2,1,,1,1,1,,3,1,1,1,59
1463,1,2,1,3,1,2,4,2,1,1,0,,1,1,1,2,1,2,,49
348,1,,1,1,2,1,6,4,1,,1,2,,1,1,,2,1,7,37
987,1,,1,5,1,3,6,5,,,0,2,,1,3,,2,1,7,35
380,1,2,1,5,4,1,3,4,2,0,,,1,1,,2,1,1,,48
1410,2,,1,3,11,3,4,3,1,,0,2,,1,3,,1,2,1,57
1022,2,,1,2,1,1,1,2,1,,1,2,,1,2,,1,1,1,78
1725,1,2,1,1,2,2,6,4,1,1,,2,1,1,,1,1,,7,33
1130,1,1,1,1,2,1,7,3,1,0,,2,2,1,,2,2,3,7,66
7,2,,1,1,11,2,4,3,1,,1,1,,2,2,,1,2,2,35
695,2,,1,1,1,3,6,2,1,,0,2,,1,2,,2,2,3,27
1672,1,2,1,1,4,1,2,3,2,0,1,,1,1,1,1,2,1,,39
932,2,1,1,1,2,1,5,2,1,0,1,,1,1,2,1,3,1,,49
960,2,2,1,5,2,1,1,3,,,,,1,1,2,1,3,,,65
1674,1,,1,5,1,1,2,3,1,,0,2,,2,1,,1,2,1,55
265,2,,1,2,1,2,7,4,1,,0,1,,1,2,,1,2,6,68
1331,1,2,1,3,2,1,4,2,1,0,1,,2,2,2,1,2,2,,41
1090,2,2,1,4,1,2,4,3,1,0,,1,1,1,,2,2,2,4,52
439,2,3,1,1,1,3,7,4,1,1,,2,2,1,,1,2,2,1,71
1449,1,1,1,1,1,3,7,4,1,1,,2,1,1,,1,2,3,7,61
203,1,,1,3,4,1,1,4,1,,1,2,,1,2,,1,1,7,39
590,1,1,2,1,4,1,3,2,1,0,,1,1,1,,3,1,1,1,81
926,1,2,2,5,11,1,1,2,1,0,,2,1,1,,1,2,2,1,25
784,1,2,1,1,2,1,5,4,1,0,,1,1,1,,2,2,1,4,32
1432,1,2,1,3,2,1,6,3,1,1,,2,1,1,,1,2,1,7,45
623,2,,1,1,2,1,4,3,1,,1,1,,1,2,,2,3,1,48
803,1,1,1,2,1,1,4,2,,1,,1,1,1,,1,3,1,4,79
585,1,2,3,1,9,1,3,5,2,0,,1,1,2,,1,1,1,1,42
412,2,1,1,1,4,1,2,5,,0,1,,2,1,1,1,,,,51
1590,1,1,1,5,1,1,1,5,2,1,0,,2,1,,1,1,2,,63
1235,2,2,1,3,11,3,2,3,2,1,,2,1,1,,1,,1,7,52
1455,2,2,1,5,2,1,1,2,2,0,,2,1,,,1,2,2,3,21
1907,1,,1,1,1,3,5,4,1,,,2,,1,2,,2,2,5,56
1397,1,2,1,5,2,1,6,2,1,1,,1,1,,,1,1,1,3,21
822,2,,1,3,2,1,2,3,2,,1,2,,2,3,,1,,5,42
140,1,2,3,3,4,1,1,4,1,0,1,,1,1,2,3,1,1,,60
463,1,2,1,1,4,1,1,5,2,0,,1,1,1,,2,1,1,2,36
97,1,2,1,1,3,2,1,4,1,,,,1,1,,2,1,2,4,54
596,2,2,2,1,3,2,1,3,1,0,1,,1,1,2,1,1,2,,42
1942,1,,1,3,1,3,3,2,1,,0,1,,1,2,,1,2,1,66
1579,1,1,1,1,1,3,5,4,1,1,0,,1,1,2,3,1,1,,37
231,1,2,1,1,2,1,3,2,1,0,1,,1,2,1,1,2,2,,42
1546,2,,1,5,2,3,4,2,2,,,2,,,,,2,,4,20
1860,1,,1,1,1,2,1,2,1,,0,2,,1,2,,1,2,3,62
1625,2,1,1,2,1,3,4,2,,,,,1,2,3,2,2,,,65
344,2,,1,5,2,1,3,2,1,,1,2,,2,1,,2,2,1,38
1344,2,1,1,3,1,1,7,2,2,1,0,,2,1,1,2,1,2,,47
1170,1,,1,5,4,1,,2,1,,1,1,,1,1,,1,1,2,31
127,1,2,1,1,2,1,1,5,2,0,1,,1,1,3,1,2,2,,53
1657,1,2,2,4,1,3,1,2,1,1,1,,1,1,,2,3,3,,56
428,2,1,1,1,1,2,6,4,2,1,0,,1,,1,1,2,1,,58
347,2,2,1,1,4,1,1,5,2,0,1,,1,,1,2,2,2,,48
417,2,2,1,1,1,3,6,4,1,1,0,,1,1,3,1,1,3,,62
1473,2,,3,3,12,1,1,3,1,,0,,,1,1,,1,1,1,46
1337,2,,1,1,12,2,3,2,1,,1,1,,,3,,2,1,1,28
1835,2,1,1,1,2,1,4,2,1,0,,2,1,1,,1,1,2,5,33
1353,2,,1,1,1,3,6,4,1,,0,2,,1,2,,2,3,6,55
791,2,2,1,1,5,1,2,3,1,0,,1,1,1,,2,2,2,3,27
1339,2,2,1,1,1,3,1,4,1,1,0,,1,1,2,1,1,2,,66
422,2,,1,5,11,2,6,5,1,,0,1,,1,3,,2,1,5,51
1098,1,,1,3,4,1,1,5,2,,1,1,,1,1,,1,1,3,67
569,2,2,1,1,2,1,2,3,2,0,,,1,,,1,2,2,3,64
613,2,2,1,5,1,1,1,5,2,0,,1,1,1,,1,1,2,1,50
75,1,,1,1,4,2,4,4,1,,1,1,,1,3,,1,1,7,46
1717,2,,1,1,1,3,6,3,1,,1,1,,1,2,,1,1,1,65
802,1,1,1,1,1,1,6,2,1,0,1,,2,1,2,1,1,2,,61
621,2,2,2,3,1,3,1,3,1,0,,1,1,2,,1,3,3,2,32
1012,2,1,1,1,2,1,4,2,,0,,1,1,2,,2,2,2,1,43
270,1,,1,1,2,1,7,4,1,,1,1,,1,3,,3,2,6,55
1136,2,1,2,1,1,3,1,3,2,1,,2,1,1,,1,2,2,4,69
1585,1,,3,1,4,1,5,5,1,,0,2,,,2,,2,2,3,37
1632,2,2,1,3,11,1,2,2,1,0,1,,1,1,1,3,2,2,,69
1352,2,1,1,1,1,1,2,5,2,0,,1,1,1,,2,2,2,3,59
1215,2,,2,5,1,2,3,2,1,,1,2,,1,1,,1,3,4,37
1601,2,,3,5,2,1,2,2,,,1,1,,1,1,,2,1,4,30
1005,1,1,3,5,2,1,6,4,1,0,,1,2,2,,3,1,2,3,24
1287,1,1,2,5,1,3,1,2,1,1,0,,1,1,1,2,3,2,,45
1583,2,2,1,3,11,1,6,2,1,0,1,,1,1,3,1,2,1,,36
1242,1,1,1,2,1,3,7,4,1,1,0,,2,1,,2,,2,,84
780,1,1,1,1,1,1,7,4,1,0,,1,1,1,,2,1,1,6,61
1755,2,2,2,3,1,2,1,2,,1,0,,1,1,1,1,2,2,,54
1704,1,2,1,1,4,1,7,2,1,0,1,,1,1,1,1,3,2,,24
644,1,1,1,1,4,2,2,2,1,1,0,,2,1,2,3,1,2,,42
16,2,2,2,5,1,2,6,2,2,0,,2,1,1,,1,2,2,1,35
1556,1,,2,5,4,1,3,3,,,1,1,,1,2,,1,2,1,37
83,1,2,1,1,4,1,1,5,1,0,1,,1,1,1,1,1,1,,44
100,2,2,1,5,2,2,2,2,2,0,1,,1,1,,3,2,2,,23
1730,2,,2,3,9,2,2,4,1,,0,2,,1,2,,1,2,2,39
515,2,1,1,1,1,2,6,2,1,1,0,,1,1,2,1,1,1,,40
1409,1,1,1,1,1,1,3,2,2,1,1,,2,1,3,1,1,2,,59
839,1,,1,3,1,1,5,2,1,,1,1,,2,1,,1,1,3,63
649,2,1,1,1,11,3,1,3,1,0,,2,1,1,,1,2,2,1,33
717,1,,1,3,2,3,2,2,2,,0,2,,1,2,,1,2,2,57
1058,2,1,1,1,4,3,2,5,1,1,,2,2,1,,1,1,,1,28
1797,2,,1,1,4,1,4,2,1,,1,1,,1,2,,1,2,1,33
1832,2,2,1,3,1,3,7,4,,1,,2,1,1,,1,2,2,3,61
103,2,2,1,3,2,1,4,5,1,0,,2,1,2,,2,2,1,3,
1750,2,2,2,5,1,2,2,2,1,0,1,,1,1,2,3,1,3,,43
572,2,2,1,3,1,2,2,4,1,0,1,,1,1,3,3,2,1,,43
1210,1,2,1,1,2,2,6,2,1,0,1,,1,1,3,3,1,1,,60
149,2,2,1,5,2,3,1,3,2,0,,1,1,1,,1,2,2,4,27
735,2,1,1,1,1,2,4,2,2,1,1,,1,1,1,1,2,2,,45
909,2,,1,5,4,1,4,2,1,,1,1,,2,1,,1,1,4,27
1772,2,2,1,1,1,3,6,2,1,1,0,,1,2,3,1,3,1,,32
708,1,2,1,1,4,1,1,2,1,0,1,,1,1,2,1,2,2,,28
266,1,2,1,1,1,2,7,4,2,1,,2,1,1,,1,1,1,7,71
429,1,1,1,3,1,2,7,4,1,1,,1,2,1,,1,2,3,7,63
598,2,2,1,1,2,3,2,5,2,0,1,,1,1,3,3,1,2,,40
142,2,,2,5,11,1,2,2,1,,1,2,,1,1,,3,3,4,39
196,2,1,2,1,1,3,2,2,1,1,1,,1,1,2,1,3,1,,25
480,1,2,1,3,1,2,6,2,1,1,,1,1,2,,1,1,1,1,55
332,1,,1,5,2,1,2,4,,,1,1,,1,2,,2,1,3,22
431,2,,1,2,1,3,7,2,1,,0,2,,1,2,,1,1,7,87
600,2,2,1,1,2,2,3,5,1,0,1,,1,1,3,1,2,1,,36
1039,1,2,1,5,4,1,2,5,2,0,,1,1,1,,2,2,1,2,70
385,1,,1,2,3,2,2,5,2,,0,1,,1,3,,1,1,3,82
977,1,,1,1,4,1,3,4,2,,1,1,,1,1,,1,1,2,40
305,1,2,1,5,4,1,2,4,2,0,1,,1,1,3,3,2,1,,25
175,1,,1,5,2,1,5,3,1,,1,1,,1,2,,2,2,5,24
1809,2,2,3,1,12,3,1,2,2,1,,1,1,1,,1,2,2,4,49
1209,2,1,1,1,1,1,6,3,1,0,,,1,1,,1,2,1,5,60
96,2,2,3,1,2,3,2,2,2,0,,2,2,2,,1,2,,1,
1814,2,2,3,5,1,1,1,2,1,0,1,,1,1,1,1,1,1,,32
378,2,2,1,1,4,1,2,4,2,0,,1,1,1,,1,2,1,2,61
516,2,3,1,1,1,1,,4,1,0,,1,2,1,,1,2,2,7,50
1935,2,1,1,5,1,2,2,3,1,1,,2,1,,,1,2,2,4,21
1364,2,2,1,3,1,3,2,2,,1,0,,1,1,2,2,1,1,,68
618,1,,3,1,4,1,3,2,2,,1,1,,1,1,,1,,1,88
409,2,2,2,1,1,2,1,5,2,1,1,,1,1,2,1,1,1,,69
62,1,,2,2,1,3,1,5,1,,0,2,,1,1,,2,2,4,71
610,2,2,1,3,2,2,7,4,1,0,1,,1,1,3,1,1,3,,46
778,1,2,2,1,4,2,1,2,2,0,1,,1,1,1,2,1,1,,56
1613,2,,1,1,2,2,1,2,2,,1,2,,1,1,,3,2,4,30
184,1,1,1,3,8,1,4,2,1,0,,,1,1,,1,1,2,5,52
1368,2,2,1,5,2,3,6,3,1,1,0,,2,1,2,2,3,3,,28
1861,2,1,1,1,1,3,,3,1,1,,,1,1,,1,1,1,5,65
1794,2,2,2,3,11,3,2,4,1,1,0,,1,1,1,1,3,3,,41
194,2,,1,5,4,1,4,4,2,,1,2,,2,3,,3,2,5,42
1163,2,2,2,3,1,3,3,3,2,1,,2,1,1,,3,1,1,1,73
446,1,,1,1,1,1,7,2,1,,1,2,,1,2,,1,1,7,34
1458,1,1,1,1,2,3,1,4,2,0,1,,1,1,2,3,1,2,,51
1847,1,1,1,3,1,3,5,4,1,1,,1,2,1,,1,2,2,7,47
865,2,,2,3,1,3,1,5,,,1,1,,1,1,,1,1,5,55
1833,1,,1,1,1,3,2,5,2,,0,2,,1,3,,3,1,2,79
814,1,,1,1,1,3,7,2,1,,0,2,,1,3,,2,2,1,78
703,1,1,1,5,4,1,4,5,2,1,1,,2,2,3,1,1,1,,40
1617,1,2,1,1,2,2,4,2,1,0,,1,1,2,,3,2,1,4,26
551,1,,1,4,4,1,3,2,2,,1,1,,1,2,,1,1,3,71
1930,1,1,1,5,4,1,4,2,,,,1,2,2,,3,1,1,2,30
311,1,1,1,1,1,2,5,4,1,1,1,,2,1,1,3,1,1,,53
250,2,,1,1,1,3,5,4,1,,1,2,,1,1,,2,2,3,54
1177,2,,1,1,2,3,6,5,1,,0,2,,1,2,,2,2,7,75
1761,2,1,1,1,2,3,4,2,2,0,,1,1,1,,2,2,3,6,54
1514,1,,1,3,4,1,2,4,1,,1,1,,1,3,,1,2,5,51
781,2,,1,1,4,1,,2,1,,1,1,,1,1,,2,1,5,26
35,2,,1,1,2,2,3,2,1,,1,2,,1,,,2,,3,42
1825,2,1,1,2,1,2,1,4,1,0,1,,2,1,3,2,1,1,,69
425,2,,2,3,2,1,1,3,1,,1,,,1,1,,1,2,7,45
1360,1,,1,1,2,2,1,4,1,,,2,,1,2,,2,,4,30
53,2,2,1,1,4,1,4,5,2,0,1,,1,,3,2,2,1,,45
78,2,,1,1,2,3,1,2,1,,1,2,,1,1,,1,1,3,43
179,2,,1,1,11,3,6,4,1,,0,2,,1,2,,2,2,5,32
1791,1,1,1,5,8,2,3,4,1,0,1,,2,1,1,1,1,1,,27
79,2,,3,1,1,3,2,2,2,,0,2,,1,2,,2,3,1,32
782,2,2,1,3,1,3,4,4,1,0,,1,2,1,,2,2,2,7,42
41,2,2,3,1,7,2,2,5,2,0,,2,1,,,2,2,1,5,29
404,1,2,1,5,4,1,3,2,1,0,,1,1,,,1,2,1,2,21
276,1,,1,1,1,1,1,3,1,,1,1,,1,1,,1,3,1,71
88,2,2,2,5,4,1,2,4,,,0,,1,1,,2,2,3,,28
455,2,2,1,3,13,1,1,4,2,0,,1,1,1,,1,1,1,1,53
1133,2,,1,1,1,3,6,4,1,,0,2,,1,2,,3,2,4,26
1119,2,2,1,1,11,1,7,4,1,0,,,2,1,,1,1,2,5,26
785,1,1,1,1,1,3,5,4,1,1,,1,2,1,,1,1,2,6,42
1702,1,1,1,1,1,1,6,3,1,0,1,,1,2,3,1,1,2,,37
1208,2,,1,1,5,2,1,2,1,,1,1,,1,1,,1,1,1,33
1502,1,1,1,1,4,1,3,2,1,1,1,,2,1,3,1,1,2,,51
464,2,,1,3,2,1,5,5,2,,1,2,,1,3,,2,2,6,39
482,1,,1,1,4,2,,2,1,,1,,,1,2,,1,1,1,63
1033,2,,1,1,2,3,6,4,2,,0,2,,1,2,,1,2,5,26
826,1,2,1,3,3,1,3,4,1,1,,1,1,1,,1,1,2,3,46
959,2,,1,2,2,3,1,4,2,,0,2,,1,,,1,2,4,79
393,2,2,1,5,4,1,,4,2,0,,1,1,1,,2,2,1,1,31
712,2,2,1,5,4,2,2,2,1,1,1,,1,1,2,2,3,1,,24
1450,2,1,1,1,2,2,3,4,1,0,,2,1,1,,1,1,1,1,28
1027,1,2,1,3,2,3,1,4,1,0,1,,1,1,1,2,2,2,,59
587,2,,1,1,4,1,1,5,2,,1,2,,1,3,,2,2,2,37
1554,2,,1,1,2,2,6,5,1,,1,2,,1,1,,1,1,6,58
1194,2,2,2,3,11,3,2,2,,1,,,,1,,1,,,,58
242,1,2,1,1,2,2,5,4,1,1,1,,1,1,2,1,1,1,,61
752,1,2,1,1,5,3,4,3,2,1,,2,1,1,,1,2,2,4,66
1057,2,1,1,3,4,1,,4,1,0,1,,2,1,,2,1,3,,67
1510,2,,1,5,11,1,4,2,2,,1,2,,1,1,,1,1,4,28
39,2,2,3,5,4,1,2,4,2,0,1,,1,1,1,2,2,1,,27
162,1,2,3,4,1,3,2,4,1,1,1,,1,,1,1,2,2,,50
1348,2,1,1,2,2,2,6,4,2,1,,2,1,1,,2,1,2,7,84
40,2,,2,5,1,2,2,2,,,0,1,,2,2,,2,1,1,30
567,2,,2,1,11,3,1,5,1,,0,2,,1,2,,1,1,3,37
167,2,,1,5,4,1,1,2,2,,1,1,,1,3,,2,,1,40
77,2,2,1,1,2,2,1,4,2,0,,2,1,1,,3,2,2,3,56
840,2,,1,1,1,2,4,4,2,,0,,,2,3,,,1,4,27
1389,2,,1,1,1,3,7,2,,,0,2,,1,2,,,2,5,26
502,1,2,1,1,4,1,2,5,2,0,,1,1,1,,1,2,1,3,44
1416,2,,1,1,1,2,5,5,,,1,,,1,3,,1,2,7,55
1415,1,2,1,1,1,1,5,2,1,1,,2,1,1,,1,2,1,3,64
396,2,,1,3,4,1,2,5,2,,1,1,,1,1,,1,,1,51
408,2,1,1,1,2,3,6,4,1,1,,1,2,1,,1,1,2,7,32
1055,1,,1,5,4,1,4,4,1,,1,1,,1,3,,2,,4,24
1582,2,2,1,3,4,1,4,5,1,0,,1,1,1,,1,3,2,6,48
445,1,2,1,3,2,1,4,4,2,0,,2,1,2,,1,2,2,,41
534,2,,1,1,1,1,5,2,2,,0,2,,1,1,,3,2,7,66
1127,2,1,1,1,1,2,7,3,2,1,0,,1,1,3,2,1,1,,73
757,2,1,1,1,1,2,3,4,1,0,1,,1,1,3,1,2,2,,47
315,1,1,1,1,1,3,2,5,2,0,,1,1,1,,1,2,2,5,54
421,1,1,1,1,1,2,7,2,1,,,1,2,1,,1,1,3,7,31
1798,1,1,1,2,1,3,1,2,2,0,0,,2,1,2,1,1,1,,37
770,2,2,1,5,1,3,7,2,1,0,1,,2,1,1,1,3,1,,22
141,1,2,2,3,1,3,7,4,1,1,,2,1,1,,1,2,2,7,78
285,1,2,1,5,4,1,1,4,1,0,,1,1,1,,2,1,2,2,52
159,1,2,1,3,5,1,1,2,2,1,,1,2,1,,2,1,1,1,63
917,2,1,1,5,2,3,6,2,1,0,0,,1,,1,1,1,1,,21
335,2,2,1,1,2,3,5,4,1,0,,1,1,1,,1,2,2,6,49
552,1,,2,3,11,3,2,3,2,,0,2,,1,3,,1,1,3,31
171,2,,3,2,1,3,1,4,2,,0,2,,1,2,,3,1,1,77
1456,1,,1,5,1,2,4,4,1,,0,1,,2,2,,3,3,1,28
976,2,1,1,1,1,3,7,5,1,1,0,,1,1,2,2,3,2,,56
1192,1,2,2,3,1,2,1,3,1,1,,2,1,1,,2,1,1,1,56
177,1,,1,5,4,1,6,2,1,,1,1,,,3,,2,1,3,21
1701,2,1,1,1,4,1,4,2,1,0,1,,1,1,3,1,1,1,,31
198,2,2,3,3,1,2,2,2,1,0,,2,2,1,,1,2,2,6,38
912,2,,2,5,1,3,1,2,1,,0,2,,1,1,,3,1,1,33
509,1,2,1,5,4,1,1,4,1,0,1,,1,1,3,1,2,2,,40
1560,1,,1,1,4,1,,5,1,,1,1,,1,3,,1,1,7,57
1168,2,2,1,1,1,2,4,2,1,0,1,,1,2,1,1,2,1,,47
1895,1,1,1,4,4,1,4,2,2,0,1,,1,1,1,1,1,2,,33
437,1,1,1,3,4,1,6,5,1,1,,2,1,1,,1,1,2,4,58
345,2,2,1,5,1,3,1,5,2,0,,1,1,1,,1,1,1,1,69
723,2,,1,3,1,1,4,2,1,,0,2,,2,2,,2,1,7,55
833,1,1,1,3,1,2,6,4,1,1,1,,1,1,,1,2,2,,68
692,2,2,1,1,4,1,1,5,2,0,,1,1,1,,1,1,1,3,54
788,2,1,1,3,1,1,3,4,2,0,0,,1,2,1,2,1,2,,38
202,1,2,1,5,4,2,1,2,1,0,1,,1,,2,3,1,1,,20
1414,1,,1,3,4,1,4,3,1,,1,2,,2,3,,1,1,7,59
268,2,,1,3,1,1,3,5,1,,1,1,,1,3,,3,1,3,68
1961,2,1,1,5,4,1,4,2,,0,,1,2,,,1,2,3,2,20
135,1,,2,5,4,1,3,4,,,1,,,2,3,,1,2,2,29
286,1,2,1,1,2,3,6,3,2,1,1,,2,1,2,1,1,3,,33
968,2,2,1,1,2,3,4,4,2,1,0,,1,,,1,3,3,,37
309,1,2,2,5,1,2,2,2,2,0,1,,1,,1,1,2,2,,20
454,1,,1,1,1,3,1,5,2,,1,1,,1,1,,2,1,1,67
1970,2,,3,5,4,3,2,4,1,,1,2,,1,1,,2,1,4,61
1804,1,,1,3,2,1,3,2,1,,1,1,,2,3,,2,1,5,36
1355,2,2,1,1,2,3,5,4,2,0,,1,2,1,,1,2,2,5,50
5,2,,2,4,1,1,1,4,2,,1,2,,1,1,,1,1,7,70
383,2,2,3,1,4,1,2,4,1,1,,2,1,1,,1,1,2,6,37
495,2,,1,1,1,2,7,3,1,,,1,,1,,,1,2,7,56
887,1,1,1,3,1,1,7,2,1,1,,1,2,1,,1,2,3,5,35
1566,2,2,3,5,1,1,1,2,1,1,0,,1,1,1,1,1,3,,42
441,2,2,1,3,11,3,7,2,1,,1,,1,2,1,1,1,3,,64
733,2,2,2,5,1,3,1,2,2,1,0,,1,,1,1,3,3,,55
415,2,2,1,2,2,1,5,4,1,1,,2,1,1,,1,2,1,6,89
948,1,2,1,1,1,3,6,2,1,,,2,1,1,,3,3,2,6,37
1643,2,1,1,1,1,1,6,2,1,1,,,2,1,,1,1,1,6,63
113,2,2,3,1,2,1,2,4,2,0,1,,2,2,2,2,1,2,,32
798,1,2,1,5,2,1,2,2,1,1,,1,1,,,1,1,,4,25
1135,1,,2,1,1,3,2,2,1,,1,1,,1,1,,1,1,1,56
1296,2,2,2,1,1,3,1,2,2,1,,2,1,1,,1,1,2,1,52
1522,2,1,1,1,1,3,7,2,1,1,,2,1,1,,2,,3,6,64
1374,2,,2,5,4,1,1,2,1,,1,,,1,1,,1,2,1,34
74,1,2,1,1,9,3,1,3,1,1,0,,1,2,1,2,2,2,,48
1492,1,,1,1,2,3,3,4,2,,1,1,,1,,,2,2,5,30
1529,2,,1,1,11,3,5,2,1,,1,2,,1,3,,2,2,7,39
1205,2,2,1,3,1,2,1,2,1,0,,2,1,1,,1,1,1,4,47
1398,2,2,1,5,2,1,6,2,1,0,1,,2,,2,1,2,1,,21
1080,1,1,1,1,1,3,7,3,1,1,,1,2,1,,1,2,1,1,49
1881,2,,1,1,11,3,5,4,2,,0,2,,1,2,,2,1,3,25
1467,2,,1,5,2,2,3,2,2,,0,2,,1,1,,3,1,1,22
724,1,2,1,3,4,1,1,4,1,0,1,,1,1,1,1,1,2,,57
817,1,,1,1,1,3,4,4,1,,0,2,,1,2,,1,3,6,79
1878,2,1,1,2,1,3,6,5,1,1,0,,2,1,,1,1,,,87
626,1,2,1,1,4,2,2,5,2,0,1,,1,2,1,1,2,2,,50
583,1,2,3,1,9,1,2,5,1,1,,2,1,2,,2,2,2,5,42
1257,2,2,2,1,1,1,4,2,2,,,1,1,1,,2,2,1,1,29
904,2,1,1,3,4,1,6,3,1,0,,2,1,1,,1,2,3,6,33
869,2,2,1,5,11,1,3,2,1,1,0,,1,,1,1,2,2,,21
553,2,2,1,3,5,3,6,3,1,0,,1,1,1,,1,1,1,5,42
1384,2,1,1,1,1,2,3,2,,0,1,,2,1,2,1,1,2,,42
1254,1,,2,1,1,1,1,5,1,,1,1,,2,3,,2,1,4,63
1471,1,,1,5,4,1,6,4,1,,1,1,,2,1,,1,2,5,30
117,2,2,1,1,2,1,2,3,,0,1,,1,2,1,1,2,1,,33
478,2,2,1,5,4,1,5,3,2,0,,1,,1,,3,,,5,27
1038,1,1,1,3,2,1,7,2,1,0,1,,1,2,2,1,1,1,,52
1733,2,2,2,5,1,3,2,2,,0,1,,2,1,1,1,3,2,,35
895,1,2,1,1,2,2,1,5,1,0,,1,2,1,,2,1,1,2,32
1147,2,2,2,4,1,3,1,4,2,1,0,,2,1,2,1,1,3,,68
896,2,2,2,1,1,1,1,5,1,0,1,,1,1,2,3,2,3,,42
1871,2,,1,3,1,1,1,3,1,,1,,,1,3,,1,1,3,51
929,1,2,1,3,2,3,,2,1,1,,,1,,,1,2,1,1,66
1534,2,1,1,1,11,2,4,2,2,1,1,,1,2,2,1,2,2,,22
150,1,1,1,4,2,3,2,2,,0,1,,1,1,1,3,1,1,,41
1938,1,1,1,1,1,1,3,4,1,1,,2,1,,,2,2,1,3,34
689,1,2,1,5,2,2,6,4,1,1,0,,2,1,3,1,1,1,,28
6,2,2,1,2,1,1,1,4,2,0,1,,1,1,1,2,1,1,,50
1400,1,2,1,5,4,1,6,2,1,1,1,,2,,3,2,1,2,,21
1557,2,2,2,5,4,1,2,2,2,0,,1,1,1,,2,2,3,5,32
831,2,,1,1,1,2,5,2,2,,0,2,,2,2,,,,4,27
631,1,2,1,5,4,1,2,2,,1,1,,1,1,1,2,1,,,51
474,2,2,2,2,1,2,1,5,2,1,1,,1,1,2,1,1,1,,48
1178,1,1,1,1,1,1,3,2,2,0,,2,1,1,,1,1,1,5,73
1644,1,2,1,5,4,1,2,2,1,0,,1,2,1,,2,1,2,3,22
1393,2,2,2,5,4,1,1,2,2,1,1,,2,,1,1,2,3,,20
1167,1,,3,5,1,3,4,3,2,,0,2,,,2,,2,,3,20
1680,2,2,1,2,4,1,3,2,,,,2,1,1,,1,1,2,4,67
1608,2,,3,1,4,2,3,2,2,,0,,,1,2,,1,2,1,32
306,1,,2,5,1,2,1,5,2,,0,1,,1,1,,1,1,1,75
890,1,2,1,1,1,2,7,2,1,1,,2,2,1,,1,2,,6,71
1726,1,,1,1,11,2,,4,2,,0,2,,,3,,1,2,5,44
450,1,,2,2,1,3,1,2,2,,0,2,,1,1,,1,2,7,64
1338,1,1,1,4,1,1,5,5,1,0,,1,2,1,,1,1,1,7,44
114,1,2,1,1,1,1,5,5,1,0,,,1,1,,1,1,2,1,63
1564,2,1,1,3,1,2,4,3,1,0,,1,1,2,,1,2,2,1,55
1800,2,2,1,1,1,3,6,4,1,1,,2,1,1,,1,2,2,4,33
82,2,,1,4,4,1,2,5,1,,1,1,,1,1,,1,2,3,32
1422,2,2,1,1,1,3,7,5,1,1,0,,1,1,2,1,1,1,,68
891,2,2,1,4,2,2,2,5,2,0,,2,1,2,,2,3,1,4,39
1487,1,2,1,3,2,3,2,2,,0,0,,1,1,1,2,2,2,,76
122,1,2,1,5,11,2,4,2,2,1,,1,1,2,,1,2,2,7,23
461,2,1,1,1,4,1,1,4,2,0,1,,1,1,3,1,2,1,,30
1711,2,2,3,4,1,3,4,2,2,0,,1,1,1,,1,3,2,5,56
824,1,1,1,5,1,1,1,4,1,0,,1,1,1,,3,1,2,4,42
938,1,2,1,5,4,1,4,2,1,0,1,,1,2,1,2,1,1,,61
1070,2,,3,5,2,2,1,3,1,,0,2,,1,,,2,1,4,37
50,1,2,1,3,4,1,5,5,1,0,,1,1,1,,2,1,1,6,63
633,2,,1,3,2,1,5,2,1,,0,1,,1,3,,1,1,4,65
979,2,,1,2,1,2,7,4,2,,0,2,,1,2,,1,2,7,69
1885,2,1,2,5,1,2,2,4,1,0,0,,1,1,1,1,1,2,,28
1951,1,,1,5,4,1,1,4,2,,1,2,,1,2,,1,1,2,40
1252,1,2,1,5,1,3,6,4,1,1,0,,2,2,2,2,2,3,,35
1420,1,1,1,1,1,3,7,2,1,1,,2,1,1,,1,2,2,7,83
1180,1,3,1,2,1,3,6,4,1,1,1,,1,1,2,1,2,1,,69
1116,2,,3,5,1,2,6,4,1,,0,2,,,1,,3,2,7,25
1007,2,,1,5,4,1,2,2,2,,1,2,,2,1,,2,2,4,22
1491,2,2,1,1,11,1,2,4,1,0,,2,2,1,,1,2,1,6,39
1561,2,2,1,2,1,2,2,4,2,0,,1,1,1,,2,2,1,2,74
727,1,2,1,3,11,3,6,2,1,1,0,,1,2,1,1,3,2,,54
413,1,1,1,1,2,2,1,5,2,1,,1,1,1,,3,1,2,2,60
1372,2,1,1,1,2,2,2,2,1,0,,2,1,1,,1,2,2,1,38
544,2,,2,5,1,2,1,2,2,,0,1,,1,1,,1,3,7,31
1479,1,2,1,1,1,2,1,4,2,0,,1,2,1,,2,1,2,5,33
1065,2,,1,5,11,1,2,2,1,,0,1,,1,2,,1,2,4,22
375,2,1,1,5,2,1,4,2,2,0,1,,2,2,3,2,2,2,,27
999,2,2,1,1,3,3,2,4,2,0,1,,1,1,3,2,2,1,,69
228,2,2,1,2,1,2,3,5,,1,,,1,1,,1,2,2,3,89
1221,2,2,1,1,1,2,3,2,2,1,,,1,1,,1,1,1,4,67
1317,2,,1,1,2,2,2,4,2,,1,,,1,3,,1,2,3,76
1318,2,2,1,1,2,2,2,4,2,,,,1,1,3,1,2,1,,47
1120,1,,1,5,4,1,2,3,1,,1,1,,1,1,,1,,5,33
985,1,,1,1,1,2,4,2,1,,0,2,,1,2,,1,,1,55
190,2,2,1,1,1,2,7,4,1,0,1,,1,1,3,1,3,2,,33
1640,1,2,1,1,5,1,2,4,2,0,1,,2,1,2,2,1,2,,35
211,1,2,1,1,2,2,2,2,1,0,,1,2,2,,1,2,1,5,50
410,2,1,1,1,1,1,2,4,1,0,,1,2,1,,1,1,1,4,48
47,2,2,1,1,3,1,6,4,1,0,,1,1,1,,1,1,2,5,73
1481,2,2,1,5,4,1,6,4,1,0,,2,1,2,,1,2,1,6,23
1239,2,1,1,1,2,1,,4,2,0,,2,1,2,,1,2,1,4,52
354,1,2,1,5,4,1,3,4,2,0,1,,2,1,3,2,1,1,,32
1054,1,2,1,5,2,1,2,2,2,0,1,,1,1,2,1,2,1,,23
293,1,,1,3,2,1,1,2,2,,1,1,,1,3,,3,2,4,83
873,1,2,1,5,4,1,5,2,,1,1,,1,2,3,3,2,1,,28
283,2,,1,3,1,1,4,3,1,,1,2,,2,2,,1,1,1,52
123,1,,1,5,4,1,2,4,1,,1,1,,1,1,,1,1,5,28
216,1,2,1,1,4,1,1,5,2,0,,1,1,1,,2,1,1,3,36
49,2,,1,3,1,3,3,4,,,1,1,,1,,,1,2,3,84
1385,2,1,1,1,4,1,2,2,2,0,,1,1,1,,1,1,2,2,52
435,1,,1,1,3,2,2,5,1,,1,1,,1,3,,1,1,3,43
1538,1,,3,1,4,1,6,3,1,,1,2,,2,2,,1,2,2,33
89,1,2,1,2,2,3,5,2,1,1,,2,1,1,,3,1,1,5,84
943,1,,2,1,1,2,2,2,1,,1,2,,1,1,,3,1,1,27
955,2,2,1,1,2,3,2,5,2,0,1,,1,1,2,1,2,2,,41
341,2,2,1,1,3,1,1,5,2,0,1,,1,1,2,1,1,1,,58
1048,2,,3,1,4,1,2,2,1,,1,2,,1,2,,1,2,3,26
1923,2,,1,1,1,,5,4,1,,,,,2,2,,2,2,4,41
206,2,2,2,1,1,1,1,1,1,0,1,,1,1,1,2,3,2,,61
1256,1,,1,3,4,2,6,2,1,,1,1,,2,2,,1,1,6,64
508,1,1,1,1,4,1,1,5,1,0,,1,1,1,,3,1,1,2,48
1673,2,2,1,3,4,1,1,4,2,1,,1,1,1,,1,1,2,2,46
68,2,2,2,5,1,2,1,4,2,1,1,,1,1,2,2,1,2,,49
701,2,2,1,2,1,1,1,3,1,0,,1,1,1,,1,1,2,1,53
358,2,2,1,1,2,3,2,4,1,1,0,,1,1,2,1,2,2,,55
537,1,,1,1,1,3,7,2,1,,1,,,1,2,,1,1,7,56
1044,1,,1,4,4,1,,3,2,,1,1,,1,1,,3,1,7,34
758,1,2,2,5,1,2,3,2,2,0,1,,1,,1,3,3,1,,20
504,2,2,1,1,2,2,5,3,1,1,,2,1,1,,1,2,1,4,40
329,2,2,1,5,4,1,2,4,2,0,,1,1,1,,2,2,1,4,27
646,2,1,1,1,1,1,5,2,1,0,,1,1,1,,1,1,2,5,69
1812,2,,3,5,12,2,4,2,1,,0,,,2,3,,2,1,6,24
400,1,,1,5,10,1,2,4,1,,0,1,,2,,,,2,5,28
915,2,2,1,5,4,1,3,4,1,0,,1,1,1,,1,3,3,3,22
931,2,,1,1,2,1,2,2,2,,1,2,,1,3,,3,2,4,24
1568,1,1,1,4,11,2,6,2,1,0,,1,2,1,,1,2,2,5,28
279,2,1,1,1,4,1,4,5,1,0,1,,1,1,3,2,1,2,,38
1225,2,1,1,1,1,3,2,4,1,1,,2,1,1,,1,2,1,2,70
696,2,3,1,1,1,1,7,4,1,0,,2,1,1,,2,1,3,7,43
483,2,2,1,1,1,3,7,3,1,1,,2,2,1,,1,1,1,4,39
674,2,,1,1,2,2,1,3,1,,1,1,,1,1,,1,2,4,61
1509,2,2,3,1,7,2,4,5,1,0,,1,1,2,,1,2,1,1,48
1142,2,,1,1,2,3,6,4,2,,0,2,,1,2,,2,2,7,51
564,1,1,2,3,1,1,1,2,1,1,,2,1,1,,2,2,2,1,40
1950,2,1,1,1,2,2,2,4,2,0,,2,1,1,,1,1,1,5,58
1482,1,,1,3,1,1,,4,2,,1,1,,1,3,,1,,7,64
663,2,2,2,5,1,3,3,2,1,0,1,,1,1,1,1,3,2,,27
1158,2,,2,5,11,3,2,2,2,,0,2,,1,,,2,2,2,35
1435,1,3,1,1,11,2,7,3,1,1,1,,2,1,2,1,2,2,,42
541,1,2,2,2,1,3,1,2,2,1,,1,1,1,,2,1,1,2,77
1578,2,2,1,2,1,1,7,2,2,1,,1,2,1,,1,1,1,6,88
1023,1,,1,5,4,1,1,2,2,,1,1,,1,2,,2,2,1,61
996,2,,1,1,1,3,6,5,1,1,,1,2,1,,1,1,3,7,34
1865,1,1,1,5,1,3,7,2,1,1,0,,2,1,2,1,2,2,,55
471,1,2,1,5,1,1,4,5,2,,1,,1,1,2,2,1,2,,31
1634,1,,1,1,4,1,1,3,1,,0,2,,1,1,,1,2,1,68
1059,2,2,1,1,4,1,4,3,1,0,1,,1,1,,1,2,1,,30
889,1,1,1,1,1,3,5,4,1,0,0,,1,1,3,3,2,2,,57
514,1,1,1,1,1,2,6,4,1,1,,2,2,1,,1,1,2,7,75
1681,1,1,1,1,4,1,3,3,1,0,,1,1,1,,2,1,2,1,49
1505,2,,2,5,1,2,3,2,,,1,2,,2,1,,,2,3,22
1687,2,2,1,5,4,3,3,2,1,0,1,,1,,1,2,2,2,,21
1520,2,,1,5,1,3,7,2,1,,1,2,,,2,,1,2,5,20
1269,1,1,1,1,2,3,7,5,1,1,0,,2,1,2,1,1,2,,55
1569,1,,1,5,1,1,,5,2,,0,1,,1,,,1,2,4,47
407,2,,1,1,1,1,6,2,1,,1,2,,1,3,,1,2,7,69
1562,1,1,3,1,1,2,5,5,1,1,,1,2,1,,1,2,2,7,67
243,1,,1,1,2,2,5,5,1,,0,2,,1,3,,2,1,7,65
503,1,2,1,5,4,1,5,2,2,0,1,,1,2,1,1,2,2,,26
1563,1,,1,5,2,2,1,5,1,,1,2,,1,,,2,1,1,27
651,2,2,3,1,1,3,5,4,2,1,,1,2,1,,2,2,1,6,39
1689,2,2,1,5,1,3,6,4,,1,0,,1,1,3,1,,3,,43
777,1,2,3,1,1,3,6,3,2,1,,2,1,1,,1,2,2,7,57
1799,1,,1,1,1,2,6,5,1,,0,2,,,1,,1,1,3,44
937,1,1,1,3,2,1,5,3,1,0,1,,2,1,1,2,1,1,,63
1633,1,2,1,1,1,3,6,4,1,1,,2,1,1,,2,1,1,7,47
1354,2,1,1,1,1,3,2,4,2,0,0,,1,1,3,1,2,1,,44
761,2,,2,1,11,3,4,4,,,,2,,,2,,1,2,4,49
845,2,,1,2,1,3,4,4,,,0,2,,1,2,,3,2,3,74
743,1,,1,5,4,1,4,2,1,,1,1,,1,2,,1,2,1,32
1006,2,2,1,3,2,1,2,2,1,1,0,,1,2,,3,3,2,,57
876,1,2,1,5,2,2,4,2,2,0,,1,2,2,,1,3,2,3,25
207,1,2,3,5,2,1,1,4,2,0,,1,1,1,,2,2,2,3,31
747,1,2,1,3,11,1,7,2,1,1,,,2,1,2,1,2,2,,50
579,2,2,1,3,1,1,2,2,1,1,1,,1,1,2,1,1,2,,63
1428,2,,1,5,1,3,2,5,2,,0,2,,1,3,,1,1,3,83
1484,2,,1,1,2,3,6,4,1,,1,2,,2,2,,1,2,7,43
342,2,2,1,1,1,2,3,4,2,0,,2,1,1,,1,1,2,2,78
808,1,2,3,5,2,3,1,2,1,1,,2,2,,,1,2,3,3,21
874,1,2,1,1,1,2,4,3,2,0,,1,1,2,,1,3,1,4,34
969,2,2,1,1,4,1,1,3,1,0,,1,1,1,,1,2,2,1,42
775,2,2,1,5,1,1,2,2,2,1,,2,2,1,,1,3,3,4,47
210,2,2,1,2,1,3,,3,1,1,0,,1,1,3,1,1,1,,68
1757,1,,1,5,4,3,3,2,2,,1,1,,,1,,1,1,5,21
570,1,2,1,1,2,1,7,2,1,1,,2,1,1,,1,2,2,7,72
434,1,1,1,1,5,2,5,3,1,0,1,,2,1,1,1,2,2,,32
641,2,1,1,1,1,1,7,2,1,0,,1,2,1,,1,1,2,5,39
1652,1,2,1,1,2,1,4,2,,1,0,,2,2,3,1,1,2,,38
964,1,1,1,1,2,3,,5,2,1,,2,2,1,,1,2,3,7,58
918,1,,1,5,2,2,2,2,1,,1,,,1,3,,1,1,2,23
1571,1,2,1,2,2,1,2,4,1,1,1,,1,1,2,1,1,1,,71
32,2,,1,3,2,3,1,3,2,,1,1,,1,1,,1,1,3,63
235,1,,2,1,4,1,1,2,1,,1,2,,1,2,,1,1,2,34
337,1,2,1,2,4,1,,4,2,0,,1,1,1,,1,2,1,7,64
1469,2,,1,1,1,3,4,4,1,,0,2,,1,2,,2,1,3,37
571,2,2,1,5,4,1,,4,1,0,1,,1,2,1,2,2,2,,40
1845,2,2,1,1,1,1,4,5,,0,1,,1,1,3,1,2,2,,46
710,1,,1,2,1,3,4,4,1,,0,2,,1,2,,1,2,6,89
36,1,1,1,3,1,3,3,5,1,0,,1,1,1,,2,1,1,1,62
1299,2,,1,1,11,2,7,4,1,,0,2,,1,2,,2,1,7,37
1032,2,2,1,3,5,1,,5,2,0,,1,1,1,,2,,2,2,38
718,2,2,1,1,1,1,4,5,2,0,1,,1,1,1,3,2,2,,47
1214,1,2,1,2,,,,1,1,,,,1,,,,2,2,,84
837,1,2,1,4,2,3,3,1,2,,1,,1,2,,3,2,,,42
